date, pm25, o3, no2, so2, co
2022/2/2, 48, 7, 33, 1, 7
2022/2/3, 63, 22, 26, , 4
2022/2/4, 42, 22, 8, , 2
2022/2/5, 20, 27, 3, , 5
2022/2/6, 37, 24, 6, , 7
2022/2/7, 10, , , , 
2022/1/4, 12, 24, 10, , 4
2022/1/5, 22, 16, 21, , 3
2022/1/6, 38, 18, 15, , 3
2022/1/7, 50, 24, 6, , 4
2022/1/8, 42, 27, 9, , 4
2022/1/9, 23, 23, 10, , 4
2022/1/10, 34, 29, 4, , 3
2022/1/11, 27, 26, 6, , 4
2022/1/12, 14, 23, 19, 1, 4
2022/1/13, 35, 9, 34, 1, 9
2022/1/14, 71, 28, 16, , 2
2022/1/15, 42, 28, 4, , 2
2022/1/16, 15, 22, 16, , 3
2022/1/17, 33, 27, 8, , 1
2022/1/18, 29, 27, 11, , 2
2022/1/19, 33, 24, 18, 1, 2
2022/1/20, 38, 27, 12, 1, 2
2022/1/21, 36, 26, 6, , 2
2022/1/22, 18, 24, 13, , 3
2022/1/23, 25, 24, 14, , 2
2022/1/24, 52, 22, 13, 1, 2
2022/1/25, 50, 24, 16, 1, 2
2022/1/26, 53, 28, 7, 1, 2
2022/1/27, 18, 27, 21, 1, 3
2022/1/28, 43, 16, 24, 1, 3
2022/1/29, 61, 31, 3, , 3
2022/1/30, 25, 28, 12, , 3
2022/1/31, 37, 21, 29, , 4
2022/2/1, 58, 22, 28, 1, 3
2021/10/2, 26, 37, 13, 1, 2
2021/10/3, 51, 37, 10, 1, 1
2021/10/4, 71, 28, 10, 1, 1
2021/10/5, 62, 17, 6, 1, 1
2021/10/6, 53, 19, 5, , 1
2021/10/7, 30, 28, 10, 1, 1
2021/10/8, 40, 33, 13, 1, 2
2021/10/9, 52, 27, 2, , 1
2021/10/10, 48, 22, 3, , 1
2021/10/11, 46, 27, 4, , 1
2021/10/12, 27, 24, 7, 1, 1
2021/10/13, 39, 15, 12, 1, 1
2021/10/14, 44, 33, 13, 1, 3
2021/10/15, 123, 37, 16, 1, 5
2021/10/16, 50, 34, 4, 2, 1
2021/10/17, 47, 23, 1, , 1
2021/10/18, 16, 23, 5, 1, 1
2021/10/19, 44, 29, 11, 2, 1
2021/10/20, 52, 35, 20, 2, 1
2021/10/21, 81, 33, 20, 1, 2
2021/10/22, 58, 17, 8, 1, 1
2021/10/23, 47, 15, 6, 1, 1
2021/10/24, 35, 16, 7, 1, 2
2021/10/25, 35, 30, 10, 1, 1
2021/10/26, 47, 23, 4, 1, 1
2021/10/27, 26, 21, 4, 1, 1
2021/10/28, 21, 21, 6, , 1
2021/10/29, 31, 28, 2, 1, 1
2021/10/30, 36, 23, 3, 1, 1
2021/10/31, 41, 16, 5, 1, 1
2021/11/1, 74, 24, 9, 1, 2
2021/11/2, 49, 19, 13, 1, 3
2021/11/3, 66, 22, 10, 1, 4
2021/11/4, 83, 19, 15, 1, 5
2021/11/6, 39, 24, 17, 1, 6
2021/11/7, 45, 25, 19, 1, 5
2021/11/8, 41, 29, 19, 1, 5
2021/11/9, 54, 23, 30, 2, 5
2021/11/10, 71, 29, 22, 1, 4
2021/11/11, 47, 27, 14, 1, 3
2021/11/12, 24, 31, 11, 1, 3
2021/11/13, 30, 21, 12, 1, 4
2021/11/14, 43, 15, 8, 1, 5
2021/11/15, 38, 15, 13, 1, 3
2021/11/16, 37, 19, 17, 1, 5
2021/11/17, 48, 23, 20, 1, 6
2021/11/18, 50, 29, 15, 1, 2
2021/11/19, 55, 21, 3, 1, 2
2021/11/20, 25, 19, 9, 1, 3
2021/11/21, 18, 17, 13, 1, 3
2021/11/22, 35, 23, 8, 2, 1
2021/11/23, 30, 25, 5, , 2
2021/11/24, 10, 23, 12, 1, 3
2021/11/25, 32, 19, 19, 2, 3
2021/11/26, 57, 21, 10, 2, 3
2021/11/27, 35, 28, 4, , 3
2021/11/28, 15, 16, 13, 1, 3
2021/11/29, 39, 21, 8, , 2
2021/11/30, 26, 12, 22, 1, 2
2021/12/1, 42, 23, 16, 1, 2
2021/12/2, 48, 20, 18, 1, 2
2021/12/3, 48, 23, 8, , 1
2021/12/4, 19, 18, 16, 1, 4
2021/12/5, 24, 28, 11, 1, 3
2021/12/6, 30, 27, 11, , 2
2021/12/7, 38, 17, 9, 1, 1
2021/12/8, 33, 20, 14, 1, 2
2021/12/9, 40, 22, 10, 1, 1
2021/12/10, 45, 16, 18, 1, 3
2021/12/11, 49, 24, 8, , 2
2021/12/12, 40, 29, 7, 1, 2
2021/12/13, 25, 20, 21, 1, 2
2021/12/14, 42, 21, 21, 1, 4
2021/12/15, 55, 23, 19, 1, 3
2021/12/18, 47, 18, 11, , 2
2021/12/19, 26, 25, 4, , 2
2021/12/20, 23, 20, 12, , 2
2021/12/21, 26, 10, 23, , 3
2021/12/22, 48, 25, 10, , 2
2021/12/23, 35, 25, 12, , 3
2021/12/24, 38, 15, 16, , 5
2021/12/25, 46, 12, 20, , 6
2021/12/26, 52, 26, 4, , 3
2021/12/27, 18, 21, 10, , 3
2021/12/28, 21, 12, 18, , 4
2021/12/29, 44, 8, 18, , 4
2021/12/30, 49, 7, 19, , 2
2021/12/31, 48, 13, 10, , 2
2022/1/1, 38, 11, 8, , 2
2022/1/2, 32, 22, 8, , 1
2022/1/3, 18, 24, 4, , 3
2021/7/2, 28, 32, 8, 1, 1
2021/7/4, 52, 30, 4, , 2
2021/7/5, 57, 39, 8, , 3
2021/7/6, 67, 50, 5, , 2
2021/7/7, 57, 59, 6, , 3
2021/7/8, 71, 40, 6, , 2
2021/7/9, 53, 39, 3, , 1
2021/7/10, 33, 38, 2, , 2
2021/7/11, 27, 35, 1, , 2
2021/7/12, 43, 35, 7, , 2
2021/7/13, 52, 25, 3, , 2
2021/7/14, 65, 43, 4, , 2
2021/7/15, 57, 51, 9, , 2
2021/7/16, 45, 51, 7, , 3
2021/7/17, 51, 38, 5, , 2
2021/7/18, 62, 29, 2, , 2
2021/7/19, 30, 36, 3, , 3
2021/7/20, 54, 50, 8, , 5
2021/7/21, 115, 47, 10, , 5
2021/7/22, 105, 36, 3, , 3
2021/7/23, 33, 36, 6, 1, 3
2021/7/24, 28, 44, , 1, 4
2021/7/25, 44, 38, , , 3
2021/7/26, 51, 55, 9, , 4
2021/7/27, 59, 54, 18, 1, 6
2021/7/28, 70, 45, 3, , 4
2021/7/29, 48, 37, 6, 1, 4
2021/7/30, 68, 40, 4, , 4
2021/7/31, 52, 38, 2, , 3
2021/8/1, 18, 35, 4, , 4
2021/8/2, 38, 32, 3, , 4
2021/8/3, 20, 33, 9, , 4
2021/8/4, 21, 36, 8, , 2
2021/8/5, 35, 42, 7, , 1
2021/8/6, 38, 52, 8, , 1
2021/8/7, 51, 39, 3, , 1
2021/8/8, 58, 45, 3, , 1
2021/8/9, 43, 56, 6, , 1
2021/8/10, 45, 34, 4, , 1
2021/8/11, 65, 35, 8, , 1
2021/8/12, 51, 29, 9, , 1
2021/8/13, 59, 60, 8, , 
2021/8/14, 35, 40, 4, , 1
2021/8/15, 38, 37, 1, , 1
2021/8/16, 19, 29, 3, , 1
2021/8/17, 30, 24, 2, , 1
2021/8/18, 28, 17, 1, , 
2021/8/19, 28, 25, 6, , 
2021/8/20, 32, 27, 6, , 1
2021/8/21, 19, 28, 2, , 1
2021/8/22, 32, 24, 3, , 
2021/8/23, 41, 24, 8, , 1
2021/8/24, 73, 45, 6, , 1
2021/8/25, 51, 57, 11, , 2
2021/8/26, 61, 48, 11, , 2
2021/8/27, 90, 45, 11, , 2
2021/8/28, 59, 24, 4, , 1
2021/8/29, 50, 23, 1, , 1
2021/8/30, 36, 35, 8, , 1
2021/8/31, 57, 38, 9, , 1
2021/9/1, 42, 30, 10, , 2
2021/9/2, 61, 29, 2, , 1
2021/9/3, 13, 22, 3, , 1
2021/9/4, 14, 26, 5, 1, 2
2021/9/5, 21, 25, 6, 1, 2
2021/9/6, 48, 38, 4, , 2
2021/9/7, 38, 44, 7, 1, 2
2021/9/8, 28, 33, 8, , 2
2021/9/9, 45, 28, 7, , 2
2021/9/10, 35, 27, 4, , 1
2021/9/11, 22, 37, 9, 1, 4
2021/9/12, 43, 38, 3, 2, 2
2021/9/13, 34, 41, 9, 1, 3
2021/9/14, 65, 40, 7, 1, 3
2021/9/15, 61, 33, 8, 1, 2
2021/9/16, 59, 33, 4, , 2
2021/9/17, 29, 24, 5, , 2
2021/9/18, 47, 37, 5, , 3
2021/9/19, 43, 28, 2, , 3
2021/9/20, 30, 23, 8, , 4
2021/9/21, 31, 25, 4, , 3
2021/9/22, 23, 25, 1, , 
2021/9/23, 34, 25, 4, , 2
2021/9/24, 34, 33, 6, , 3
2021/9/25, 23, 42, 9, 1, 4
2021/9/26, 45, 31, 5, 1, 1
2021/9/27, 29, 33, 11, 1, 1
2021/9/28, 27, 23, 11, 1, 1
2021/9/29, 43, 27, 2, 1, 
2021/9/30, 13, 22, 5, , 1
2021/10/1, 17, 22, 7, 1, 1
2021/4/2, 22, , , , 
2021/4/4, 18, 41, 5, , 3
2021/4/5, 28, 39, 4, , 3
2021/4/6, 31, 41, 7, , 3
2021/4/7, 20, 31, 18, 1, 5
2021/4/8, 37, 31, 7, , 4
2021/4/9, 27, 26, 4, , 4
2021/4/10, 16, 30, 5, 1, 5
2021/4/11, 17, 25, 1, , 4
2021/4/12, 16, 27, 4, , 3
2021/4/13, 14, 36, 5, , 4
2021/4/14, 14, 26, 12, 1, 5
2021/4/15, 34, 31, 9, 1, 3
2021/4/16, 37, 20, 4, , 3
2021/4/17, 27, 28, 2, , 3
2021/4/18, 12, 31, 4, 1, 4
2021/4/19, 22, 32, 12, 1, 5
2021/4/20, 38, 39, 9, 1, 5
2021/4/21, 33, 31, 4, 1, 4
2021/4/22, 33, 32, 5, 1, 4
2021/4/23, 26, 38, 12, 2, 1
2021/4/24, 62, 44, 12, 1, 2
2021/4/25, 47, 38, 3, 1, 2
2021/4/26, 34, 33, 6, , 1
2021/4/27, 23, 42, 18, 1, 3
2021/4/28, 35, 40, 18, 1, 3
2021/4/29, 63, 29, 19, 1, 3
2021/4/30, 56, 34, 2, , 1
2021/5/1, 22, 34, 3, 1, 1
2021/5/2, 22, 43, 3, 2, 1
2021/5/3, 32, 26, 11, 1, 3
2021/5/4, 45, 32, 7, , 3
2021/5/5, 35, 21, 6, , 2
2021/5/6, 35, 30, 2, , 1
2021/5/7, 10, 33, 4, , 1
2021/5/8, 18, 29, 2, 1, 
2021/5/9, 19, 26, 3, 1, 
2021/5/10, 13, 32, 5, , 
2021/5/11, 18, 35, 5, 1, 2
2021/5/12, 38, 30, 3, , 2
2021/5/13, 10, 39, 5, 1, 2
2021/5/14, 20, 40, 9, 1, 3
2021/5/15, 44, 38, 9, 1, 4
2021/5/16, 50, 38, 7, 1, 3
2021/5/17, 39, 44, 11, 1, 4
2021/5/18, 43, 44, 12, 1, 4
2021/5/19, 43, 56, 11, 1, 4
2021/5/20, 62, 39, 3, 1, 4
2021/5/21, 50, 46, 10, 1, 4
2021/5/22, 49, 49, 10, 1, 4
2021/5/23, 51, 40, 1, 1, 4
2021/5/24, 53, 28, 1, , 3
2021/5/25, 27, 31, 5, 1, 4
2021/5/26, 28, 40, 8, 1, 4
2021/5/27, 63, 40, 5, 1, 3
2021/5/28, 53, 31, 2, 1, 3
2021/5/29, 29, 29, 3, , 3
2021/5/30, 9, 22, 1, , 3
2021/5/31, 11, 30, 5, 1, 3
2021/6/1, 18, 36, 11, , 4
2021/6/2, 45, 38, 6, 1, 4
2021/6/3, 36, 24, 6, 1, 5
2021/6/4, 33, 30, 8, 1, 5
2021/6/5, 121, 57, 10, 1, 4
2021/6/6, 99, 53, 6, 1, 4
2021/6/7, 72, 42, 9, 1, 4
2021/6/8, 61, 27, 9, 1, 4
2021/6/11, 46, 25, 2, , 3
2021/6/26, 23, 16, 1, , 2
2021/6/27, 44, 19, 2, , 1
2021/6/28, 41, 28, 3, , 1
2021/6/29, 38, 36, 4, 1, 1
2021/6/30, 35, 54, 8, , 1
2021/7/1, 43, 31, 11, 1, 1
2021/1/5, 19, 15, 11, 1, 2
2021/1/6, 26, 21, 4, , 1
2021/1/7, 20, 22, 5, , 1
2021/1/8, 19, 15, 17, , 2
2021/1/9, 34, 25, 4, , 1
2021/1/10, 19, 23, 9, , 2
2021/1/11, 17, 6, 30, 1, 7
2021/1/12, 59, 18, 23, 1, 5
2021/1/13, 79, 18, 20, 1, 3
2021/1/14, 81, 11, 30, 1, 7
2021/1/15, 78, 27, 16, , 4
2021/1/16, 62, 22, 12, , 2
2021/1/17, 39, 20, 8, 1, 2
2021/1/18, 53, 17, 13, 1, 2
2021/1/19, 43, 21, 16, 1, 3
2021/1/20, 47, 28, 11, 1, 2
2021/1/21, 33, 19, 20, 1, 3
2021/1/22, 32, 26, 18, 1, 4
2021/1/23, 51, 31, 1, , 
2021/1/24, 18, 32, 2, , 2
2021/1/25, 10, 26, 18, 1, 3
2021/1/26, 23, 18, 22, 1, 4
2021/1/27, 37, 28, 11, 1, 4
2021/1/28, 48, 32, 3, , 2
2021/1/29, 15, 34, 2, , 2
2021/1/30, 13, 32, 7, , 3
2021/1/31, 21, 22, 13, 1, 4
2021/2/1, 32, 27, 10, 1, 4
2021/2/2, 19, 30, 5, , 2
2021/2/3, 14, 31, 5, , 1
2021/2/4, 10, 33, 14, , 1
2021/2/5, 23, 28, 16, 1, 1
2021/2/6, 37, 26, 16, 1, 1
2021/2/7, 45, 27, 20, 1, 2
2021/2/8, 48, 27, 11, , 1
2021/2/9, 35, 13, 28, , 2
2021/2/10, 39, 24, 16, , 1
2021/2/11, 56, 29, 13, , 1
2021/2/12, 55, 28, 14, , 1
2021/2/13, 27, 19, 19, , 1
2021/2/14, 32, 20, 14, , 2
2021/2/15, 54, 21, 18, , 3
2021/2/16, 42, 26, 13, , 2
2021/2/17, 36, 28, 7, , 1
2021/2/18, 25, 18, 21, , 2
2021/2/19, 32, 17, 16, , 3
2021/2/20, 28, 38, 6, , 1
2021/2/21, 54, 36, 9, , 1
2021/2/22, 53, 20, 25, 1, 3
2021/2/23, 48, 26, 20, , 2
2021/2/24, 42, 32, 16, 1, 3
2021/2/25, 30, 34, 14, 1, 2
2021/2/26, 36, 31, 15, , 2
2021/2/27, 29, 26, 17, 1, 3
2021/2/28, 31, 21, 19, 1, 4
2021/3/1, 48, 30, 15, 1, 3
2021/3/2, 38, 31, 8, , 1
2021/3/3, 25, 24, 18, 1, 1
2021/3/4, 37, 31, 12, , 2
2021/3/5, 40, 30, 5, , 
2021/3/6, 18, 28, 8, , 1
2021/3/7, 24, 33, 5, , 1
2021/3/8, 23, 31, 13, 1, 1
2021/3/9, 31, 35, 19, 1, 2
2021/3/10, 48, 35, 15, 3, 2
2021/3/11, 60, 38, 20, 1, 3
2021/3/12, 64, 36, 15, 1, 2
2021/3/13, 44, 34, 5, 2, 1
2021/3/14, 25, 35, 7, 1, 1
2021/3/15, 43, 32, 4, , 1
2021/3/16, 24, 26, 9, , 2
2021/3/17, 26, 24, 14, , 2
2021/3/18, 37, 23, 11, , 3
2021/3/19, 18, 32, 3, , 1
2021/3/20, 26, 30, 10, , 2
2021/3/21, 22, 34, 12, , 4
2021/3/22, 37, 35, 17, , 3
2021/3/23, 38, 31, 10, , 3
2021/3/24, 36, 22, 9, , 3
2021/3/25, 19, 16, 14, 1, 4
2021/3/26, 38, 32, 8, , 3
2021/3/27, 15, 36, 6, , 2
2021/4/1, 13, 27, 3, , 3
2020/10/2, 36, 26, 6, , 3
2020/10/3, 35, 13, 7, , 5
2020/10/4, 27, 30, 6, , 6
2020/10/5, 40, 30, 9, , 4
2020/10/6, 38, 32, 11, , 2
2020/10/7, 37, 35, 9, 1, 1
2020/10/8, 50, 25, 1, , 2
2020/10/9, 27, 30, , , 1
2020/10/10, 37, 24, 3, , 1
2020/10/11, 13, 21, 3, , 1
2020/10/12, 37, 23, 2, , 1
2020/10/13, 16, 17, 3, , 1
2020/10/14, 17, 29, 12, 1, 1
2020/10/15, 41, 32, 10, , 1
2020/10/16, 27, 24, 7, , 1
2020/10/17, 37, 28, 6, , 6
2020/10/18, 31, 26, 8, , 3
2020/10/19, 66, 27, 8, , 1
2020/10/20, 18, 19, 12, , 3
2020/10/21, 21, 11, 10, , 1
2020/10/22, 20, 14, 14, , 2
2020/10/23, 35, 19, 4, , 1
2020/10/24, 18, 17, 2, , 1
2020/10/25, 42, 16, 4, , 1
2020/10/26, 18, 9, 11, , 3
2020/10/27, 14, 16, 7, , 1
2020/10/28, 37, 8, 10, 1, 2
2020/10/29, 36, 19, 9, , 1
2020/10/30, 21, 19, 3, , 
2020/10/31, 25, 25, 8, 1, 4
2020/11/1, 31, 22, 10, , 2
2020/11/2, 61, 25, 5, 1, 1
2020/11/3, 24, 20, 14, 2, 2
2020/11/4, 46, 26, 19, 1, 3
2020/11/5, 48, 28, 18, , 3
2020/11/6, 36, 25, 20, 1, 4
2020/11/7, 48, 33, 24, 1, 4
2020/11/8, 67, 32, 26, , 6
2020/11/9, 79, 22, 20, 1, 6
2020/11/10, 56, 21, 15, , 3
2020/11/11, 51, 12, 11, , 2
2020/11/12, 17, 16, 7, , 1
2020/11/13, 36, 10, 12, , 2
2020/11/14, 34, 25, 11, , 2
2020/11/15, 48, 32, 9, , 4
2020/11/16, 60, 21, 13, 1, 1
2020/11/17, 45, 29, 14, 1, 1
2020/11/18, 30, 27, 4, , 1
2020/11/19, 15, 22, 16, , 2
2020/11/20, 24, 23, 15, 1, 1
2020/11/21, 36, 25, 18, 1, 2
2020/11/22, 54, 24, 6, , 
2020/11/23, 21, 25, 5, , 
2020/11/24, 32, 21, 12, , 2
2020/11/25, 45, 22, 11, , 2
2020/11/26, 28, 24, 5, , 3
2020/11/27, 47, 18, 11, , 3
2020/11/28, 29, 25, 8, , 3
2020/11/29, 39, 21, 11, 1, 3
2020/11/30, 38, 25, 8, , 3
2020/12/1, 35, 16, 9, 1, 2
2020/12/2, 62, 18, 11, 1, 2
2020/12/3, 49, 19, 17, 1, 2
2020/12/4, 43, 11, 19, 1, 4
2020/12/5, 40, 19, 7, , 3
2020/12/6, 37, 25, 3, , 2
2020/12/7, 14, 22, 8, , 3
2020/12/8, 25, 23, 9, , 3
2020/12/9, 21, 11, 17, 1, 3
2020/12/10, 60, 7, 15, 2, 5
2020/12/11, 46, 1, 21, 1, 6
2020/12/12, 66, 1, 17, 1, 8
2020/12/13, 56, 1, 7, 1, 3
2020/12/14, 56, 1, 11, , 2
2020/12/15, 27, 1, 7, , 2
2020/12/16, 22, , 11, , 1
2020/12/17, 13, , 8, , 1
2020/12/18, 14, , 11, , 1
2020/12/19, 35, , 19, 1, 1
2020/12/20, 47, , 20, 1, 2
2020/12/21, 54, 5, 22, 1, 5
2020/12/22, 79, 23, 14, 1, 1
2020/12/23, 63, 18, 14, , 1
2020/12/24, 28, 28, 10, , 2
2020/12/25, 35, 30, 3, , 1
2020/12/26, 56, 17, 7, 1, 1
2020/12/27, 38, 20, 12, 1, 2
2020/12/28, 44, 19, 16, 1, 1
2020/12/29, 41, 28, 7, , 1
2020/12/30, 29, 24, 15, 1, 1
2020/12/31, 28, 23, 7, 2, 1
2021/1/1, 28, 15, 13, , 2
2021/1/2, 39, 18, 9, , 2
2021/1/3, 23, 12, 12, , 3
2021/1/4, 26, 16, 10, , 2
2020/7/2, 25, 33, 5, 1, 4
2020/7/3, 43, 36, 2, 1, 5
2020/7/4, 55, 36, 1, 1, 5
2020/7/5, 44, 37, 2, 1, 5
2020/7/6, 48, 35, 8, 1, 5
2020/7/7, 42, 34, 4, 1, 5
2020/7/8, 36, 28, 3, 1, 5
2020/7/9, 39, 22, 3, 1, 5
2020/7/10, 35, 12, 2, 1, 5
2020/7/11, 20, 35, 2, 1, 5
2020/7/12, 39, 37, 2, 1, 5
2020/7/13, 33, 35, 3, 1, 5
2020/7/14, 23, 35, 3, 1, 5
2020/7/15, 24, 29, 3, 1, 
2020/7/16, 22, 19, 1, 1, 5
2020/7/17, 20, 40, 5, 1, 5
2020/7/18, 23, 44, 4, 1, 4
2020/7/19, 44, 46, 4, 1, 5
2020/7/20, 39, 46, 7, 1, 4
2020/7/21, 55, 54, 6, , 4
2020/7/22, 36, 48, 7, 1, 5
2020/7/23, 37, 42, 7, 1, 5
2020/7/24, 36, 26, 7, 1, 5
2020/7/25, 30, 40, 2, 1, 5
2020/7/26, 34, 40, 5, 1, 5
2020/7/27, 53, 41, 7, 1, 5
2020/7/28, 48, 36, 8, 1, 2
2020/7/29, 51, 50, 5, , 2
2020/7/30, 39, 54, 10, 1, 3
2020/7/31, 44, 40, 3, 1, 2
2020/8/1, 19, 40, 3, , 2
2020/8/2, 39, 26, 1, 1, 2
2020/8/3, 39, 39, 4, 1, 2
2020/8/4, 38, 24, 2, , 2
2020/8/5, 6, 38, 8, 1, 4
2020/8/6, 37, 35, 9, 1, 5
2020/8/7, 37, 32, 3, , 4
2020/8/8, 22, 38, 2, 1, 3
2020/8/9, 32, 42, 4, 1, 4
2020/8/10, 37, 53, 7, , 4
2020/8/11, 44, 29, 7, 1, 3
2020/8/12, 39, 31, 11, 1, 5
2020/8/13, 38, 25, 11, , 5
2020/8/14, 33, 36, 5, , 4
2020/8/15, 50, 27, 2, , 4
2020/8/16, 34, 19, 1, 1, 4
2020/8/17, 22, 32, 4, , 4
2020/8/18, 32, 36, 7, 2, 4
2020/8/19, 39, 37, 12, , 5
2020/8/20, 41, 39, 6, 1, 4
2020/8/21, 38, 37, 7, 1, 3
2020/8/22, 33, 31, 3, 1, 1
2020/8/23, 27, 25, 4, , 1
2020/8/24, 25, 32, 12, 1, 1
2020/8/25, 41, 38, 11, 1, 1
2020/8/26, 60, 22, 4, 1, 1
2020/8/27, 21, 35, 12, 1, 2
2020/8/28, 51, 36, 9, 1, 1
2020/8/29, 45, 24, 4, 1, 1
2020/8/30, 21, 22, 4, 1, 1
2020/8/31, 31, 19, 7, 2, 2
2020/9/1, 20, 21, 2, , 1
2020/9/2, 17, 22, 4, 1, 
2020/9/3, 27, 33, 5, 1, 2
2020/9/4, 36, 35, 4, 1, 1
2020/9/5, 51, 32, 2, 1, 1
2020/9/6, 26, 37, 7, 1, 2
2020/9/7, 35, 29, 4, 1, 2
2020/9/8, 28, 31, 4, 1, 2
2020/9/9, 38, 18, 4, 1, 2
2020/9/10, 19, 12, 5, , 2
2020/9/11, 17, 19, 5, , 2
2020/9/12, 35, 22, 3, , 1
2020/9/13, 33, 22, 2, , 2
2020/9/14, 11, 25, 3, , 2
2020/9/15, 39, 18, 6, , 2
2020/9/16, 17, 22, 9, , 3
2020/9/17, 16, 18, 12, , 4
2020/9/18, 31, 23, 2, , 2
2020/9/19, 49, 27, 4, , 2
2020/9/20, 20, 27, 5, , 2
2020/9/21, 27, 26, 8, , 2
2020/9/22, 22, , 1, , 2
2020/9/23, 26, 38, 3, , 3
2020/9/24, 45, 24, 9, , 6
2020/9/25, 45, 31, 11, , 5
2020/9/26, 49, 25, 4, , 4
2020/9/27, 19, 25, 1, , 3
2020/9/28, 14, 26, 5, , 3
2020/9/29, 37, 18, 5, , 3
2020/9/30, 21, 25, 6, , 3
2020/10/1, 42, 29, 8, , 3
2020/4/2, 19, 35, 2, , 3
2020/4/3, 17, 31, 2, , 4
2020/4/4, 18, 24, 7, 1, 5
2020/4/5, 17, 30, 6, , 5
2020/4/6, 31, 34, 5, , 3
2020/4/7, 25, 36, 13, , 2
2020/4/8, 33, 35, 7, , 3
2020/4/9, 35, 36, 5, , 2
2020/4/10, 45, 32, 2, , 1
2020/4/11, 37, 34, 5, , 2
2020/4/12, 24, 37, 9, 1, 3
2020/4/13, 43, 34, 3, , 4
2020/4/14, 45, 34, 2, , 2
2020/4/15, 29, 35, 2, , 2
2020/4/16, 31, 33, 3, , 2
2020/4/17, 34, 34, 8, , 2
2020/4/18, 37, 33, 7, , 4
2020/4/19, 33, 39, 8, , 4
2020/4/20, 28, 31, 6, , 3
2020/4/21, 26, 35, 7, , 3
2020/4/22, 32, 30, 7, , 2
2020/4/23, 33, 29, 7, , 3
2020/4/24, 27, 22, 9, , 5
2020/4/25, 22, 36, 9, , 5
2020/4/26, 32, 29, 3, , 4
2020/4/27, 15, 30, 2, , 4
2020/4/28, 18, 33, 5, , 4
2020/4/29, 26, 35, 5, , 5
2020/4/30, 29, 34, 1, , 6
2020/5/1, 16, 30, 7, , 6
2020/5/2, 40, 32, 3, 1, 5
2020/5/3, 23, 37, 4, 1, 6
2020/5/4, 23, 34, 3, , 5
2020/5/5, 45, 33, 3, , 4
2020/5/6, 20, 32, 5, , 5
2020/5/7, 28, 34, 5, 1, 5
2020/5/8, 29, 29, 6, 1, 5
2020/5/9, 23, 23, 3, 1, 5
2020/5/10, 29, 37, 4, 1, 5
2020/5/11, 30, 25, 7, , 6
2020/5/12, 29, 31, 3, , 5
2020/5/13, 29, 40, 6, , 6
2020/5/14, 35, 35, 11, , 7
2020/5/15, 36, 41, 7, , 9
2020/5/16, 40, 35, 3, 2, 9
2020/5/17, 36, 32, 1, , 7
2020/5/18, 24, 33, 2, , 5
2020/5/19, 23, 32, 4, , 2
2020/5/20, 27, 30, 1, , 2
2020/5/21, 24, 30, 3, , 3
2020/5/22, 20, 23, 4, , 3
2020/5/23, 7, 30, 4, , 3
2020/5/24, 31, 28, 1, , 2
2020/5/25, 37, 27, 2, , 3
2020/5/26, 19, 24, 4, 1, 4
2020/5/27, 26, 23, 4, , 4
2020/5/28, 20, 13, 2, , 4
2020/5/29, 17, 18, 3, , 4
2020/5/30, 33, 38, 1, 1, 3
2020/5/31, 45, 29, 1, , 2
2020/6/1, 31, 33, 4, , 3
2020/6/2, 37, 33, 12, 1, 4
2020/6/3, 53, 40, 13, 1, 6
2020/6/4, 55, 49, 10, , 5
2020/6/5, 43, 30, 7, 1, 5
2020/6/6, 28, 40, 3, 1, 3
2020/6/7, 54, 32, 1, , 
2020/6/8, 22, 36, 3, , 3
2020/6/9, 16, 47, 12, , 4
2020/6/10, 38, 28, 6, 1, 5
2020/6/11, 33, 23, 7, , 5
2020/6/12, 28, 44, 3, 1, 4
2020/6/13, 50, 35, 1, , 3
2020/6/14, 32, 32, 1, , 4
2020/6/15, 18, 34, 3, 1, 4
2020/6/16, 32, 32, 3, , 4
2020/6/17, 27, 22, 2, , 3
2020/6/18, 4, 23, 2, , 3
2020/6/19, 21, 31, 4, , 3
2020/6/20, 29, 33, 6, 1, 4
2020/6/21, 34, 29, 3, , 3
2020/6/22, 33, 35, 6, 1, 2
2020/6/23, 40, 40, 7, , 3
2020/6/24, 38, 38, 5, 1, 2
2020/6/25, 45, 44, 8, , 3
2020/6/26, 26, 43, 6, , 3
2020/6/27, 38, 37, 7, 1, 4
2020/6/28, 38, 37, 5, 1, 4
2020/6/29, 41, 38, 2, , 4
2020/6/30, 42, 37, 3, , 4
2020/7/1, 40, 36, 6, 1, 5
2020/1/2, 26, 15, 23, 1, 3
2020/1/3, 49, 6, 23, 2, 3
2020/1/4, 39, 21, 13, 1, 3
2020/1/5, 40, 25, 3, , 
2020/1/6, 22, 19, 14, 3, 2
2020/1/7, 39, 20, 20, 3, 4
2020/1/8, 37, 27, 10, 2, 2
2020/1/9, 43, 21, 10, , 2
2020/1/10, 24, 16, 22, 1, 4
2020/1/11, 32, 26, 10, , 6
2020/1/12, 22, 27, 4, 2, 3
2020/1/13, 54, 11, 15, , 6
2020/1/14, 28, 7, 17, 1, 6
2020/1/15, 39, 17, 17, , 5
2020/1/16, 58, 27, 8, 1, 3
2020/1/17, 53, 27, 4, , 2
2020/1/18, 27, 26, 8, , 1
2020/1/19, 14, 22, 6, 1, 1
2020/1/20, 40, 32, 5, , 1
2020/1/21, 26, 28, 9, , 1
2020/1/22, 25, 20, 23, , 5
2020/1/23, 39, 6, 36, 1, 8
2020/1/24, 82, 26, 23, 1, 5
2020/1/25, 62, 29, 11, , 1
2020/1/26, 44, 17, 12, 2, 2
2020/1/27, 42, 19, 13, 2, 2
2020/1/28, 39, 32, 5, 1, 1
2020/1/29, 17, 30, 6, 1, 1
2020/1/30, 17, 20, 15, , 2
2020/1/31, 41, 17, 25, , 3
2020/2/1, 39, 13, 17, , 3
2020/2/2, 51, 19, 10, , 2
2020/2/3, 61, 19, 21, 1, 3
2020/2/4, 45, 11, 28, 1, 5
2020/2/5, 46, 23, 10, 1, 2
2020/2/6, 30, 18, 18, , 3
2020/2/7, 16, 26, 11, , 3
2020/2/8, 42, 29, 10, 2, 4
2020/2/9, 40, 29, 16, 1, 5
2020/2/10, 46, 25, 11, 1, 5
2020/2/11, 27, 24, 17, , 10
2020/2/12, 36, 25, 7, 1, 4
2020/2/13, 40, 23, 16, , 4
2020/2/14, 37, 26, 5, 1, 1
2020/2/15, 24, 24, 8, , 1
2020/2/16, 23, 21, 14, 1, 1
2020/2/17, 34, 23, 17, , 2
2020/2/18, 50, 26, 19, 3, 2
2020/2/19, 51, 28, 6, , 1
2020/2/20, 39, 26, 8, 1, 
2020/2/21, 29, 26, 8, 1, 1
2020/2/22, 23, 26, 19, 1, 1
2020/2/23, 54, 33, 17, 2, 1
2020/2/24, 45, 27, 25, 1, 2
2020/2/25, 57, 21, 13, , 3
2020/2/26, 30, 28, 6, , 3
2020/2/27, 26, 27, 5, , 1
2020/2/28, 37, 26, 11, 2, 1
2020/2/29, 51, 28, 4, , 2
2020/3/1, 28, 32, 7, , 1
2020/3/2, 39, 33, 21, , 3
2020/3/3, 44, 28, 21, 1, 5
2020/3/4, 48, 25, 11, 2, 3
2020/3/5, 50, 26, 8, , 3
2020/3/6, 33, 24, 14, , 4
2020/3/7, 39, 31, 3, , 2
2020/3/8, 24, 28, 13, 1, 3
2020/3/9, 35, 29, 18, 1, 3
2020/3/10, 40, 26, 12, 3, 3
2020/3/11, 35, 24, 8, 1, 2
2020/3/12, 32, 26, 13, , 3
2020/3/13, 39, 33, 8, , 2
2020/3/14, 49, 33, 1, , 1
2020/3/15, 21, 30, 4, , 2
2020/3/16, 22, 33, 7, , 2
2020/3/17, 20, 23, 9, 1, 3
2020/3/18, 29, 30, 5, , 2
2020/3/19, 31, 23, 14, , 4
2020/3/20, 23, 25, 10, 1, 4
2020/3/21, 42, 31, 2, , 2
2020/3/22, 36, 31, 1, , 2
2020/3/23, 30, 26, 5, , 3
2020/3/24, 23, 28, 5, , 3
2020/3/25, 24, 29, 5, , 4
2020/3/26, 22, 30, 10, 1, 4
2020/3/27, 31, 34, 10, , 4
2020/3/28, 28, 31, 7, , 4
2020/3/29, 25, 28, 6, , 4
2020/3/30, 17, 19, 8, , 5
2020/3/31, 28, 28, 5, , 4
2020/4/1, 26, 35, 3, , 4
2019/10/2, 15, 36, 11, 1, 2
2019/10/3, 50, 13, 4, , 1
2019/10/4, 19, 24, 3, , 1
2019/10/5, 33, 27, 2, , 1
2019/10/6, 23, 29, 4, , 1
2019/10/7, 13, 32, 4, , 2
2019/10/8, 23, 25, 5, , 1
2019/10/9, 31, 18, 4, , 1
2019/10/10, 17, 30, 3, , 1
2019/10/11, 21, 30, 4, , 1
2019/10/12, 16, 30, 6, , 2
2019/10/13, 26, 26, 2, , 1
2019/10/14, 29, 35, 7, 1, 2
2019/10/15, 42, 29, 8, , 2
2019/10/16, 27, 32, 7, , 2
2019/10/17, 33, 20, 5, 1, 1
2019/10/18, 45, 25, 7, , 2
2019/10/19, 23, 27, 9, , 2
2019/10/20, 35, 11, 13, , 4
2019/10/21, 49, 30, 5, , 2
2019/10/22, 15, 24, , , 
2019/10/24, 48, 30, 14, , 3
2019/10/25, 36, 29, 15, , 2
2019/10/26, 31, 28, 7, , 2
2019/10/27, 43, 28, 4, , 1
2019/10/28, 49, 23, 5, , 1
2019/10/29, 18, 18, 10, , 2
2019/10/30, 10, 9, 14, , 3
2019/10/31, 15, 24, 3, , 1
2019/11/1, 18, 22, 3, , 
2019/11/2, 48, 22, 9, 1, 2
2019/11/3, 45, 27, 8, 1, 2
2019/11/4, 47, 27, 14, 1, 6
2019/11/5, 48, 25, 19, 1, 3
2019/11/6, 46, 28, 10, 1, 2
2019/11/7, 38, 23, 13, 3, 1
2019/11/8, 44, 24, 4, , 1
2019/11/9, 40, 23, 9, , 2
2019/11/10, 36, 26, 13, 1, 2
2019/11/11, 40, 25, 19, 2, 3
2019/11/12, 61, 27, 6, 4, 1
2019/11/13, 50, 26, 3, , 1
2019/11/14, 25, 25, 10, , 1
2019/11/15, 34, 20, 23, 1, 2
2019/11/16, 65, 28, 7, , 1
2019/11/17, 30, 23, 8, , 1
2019/11/18, 18, 21, 9, , 1
2019/11/19, 24, 16, 16, 1, 2
2019/11/20, 72, 28, 8, , 1
2019/11/21, 31, 21, 13, 1, 2
2019/11/22, 57, 21, 10, 2, 2
2019/11/23, 45, 19, 9, 1, 2
2019/11/24, 24, 21, 6, , 2
2019/11/25, 28, 15, 18, 1, 2
2019/11/26, 61, 16, 25, 1, 5
2019/11/27, 62, 22, 18, 1, 4
2019/11/28, 53, 22, 1, , 2
2019/11/29, 29, 24, 3, , 2
2019/11/30, 13, 22, 10, 3, 3
2019/12/1, 24, 20, 14, 2, 3
2019/12/2, 32, 24, 7, , 
2019/12/3, 15, 29, 5, , 2
2019/12/4, 15, 15, 12, , 2
2019/12/5, 53, 26, 10, 1, 1
2019/12/6, 37, 20, 16, 1, 1
2019/12/7, 43, 25, 8, , 1
2019/12/8, 23, 24, 18, , 3
2019/12/9, 32, 18, 20, , 3
2019/12/10, 25, 24, 10, 1, 2
2019/12/11, 52, 23, 10, 1, 1
2019/12/12, 42, 21, 12, 1, 2
2019/12/13, 35, 5, 29, , 5
2019/12/14, 28, 20, 15, 1, 3
2019/12/15, 35, 22, 8, 3, 2
2019/12/16, 46, 20, 10, , 2
2019/12/17, 30, 11, 18, , 3
2019/12/18, 24, 30, 8, 1, 2
2019/12/19, 42, 28, 5, , 2
2019/12/20, 25, 22, 15, 1, 3
2019/12/21, 40, 12, 22, , 5
2019/12/22, 41, 11, 24, 1, 6
2019/12/23, 79, 7, 30, 2, 5
2019/12/24, 89, 23, 19, 1, 3
2019/12/25, 65, 17, 22, 1, 6
2019/12/26, 41, 6, 27, 1, 8
2019/12/27, 88, 13, 24, 1, 3
2019/12/28, 49, 20, 18, 1, 4
2019/12/29, 65, 15, 17, , 6
2019/12/30, 65, , , , 
2019/7/2, 25, 69, 13, 1, 1
2019/7/3, 42, 43, 8, , 1
2019/7/4, 30, 42, 5, 1, 1
2019/7/5, 62, 38, 2, , 1
2019/7/6, 47, 37, 6, 1, 1
2019/7/7, 43, 30, 2, , 1
2019/7/8, 35, 29, 4, , 1
2019/7/9, 41, 47, 9, 1, 1
2019/7/10, 52, 50, 9, , 1
2019/7/11, 55, 28, 9, , 1
2019/7/12, 26, 40, 7, , 1
2019/7/13, 49, 47, 7, 1, 2
2019/7/14, 38, 45, 6, 1, 2
2019/7/15, 55, 42, 5, , 1
2019/7/16, 34, 58, 15, 1, 2
2019/7/17, 43, 46, 7, 1, 1
2019/7/18, 50, 29, 9, , 2
2019/7/19, 40, 55, 7, , 2
2019/7/20, 46, 50, 7, , 2
2019/7/21, 64, 39, 7, , 2
2019/7/22, 65, 40, 7, , 1
2019/7/23, 41, 28, 4, , 2
2019/7/24, 22, 33, 4, , 2
2019/7/25, 39, 41, 7, 1, 2
2019/7/26, 41, 47, 9, , 3
2019/7/27, 43, 68, 6, 1, 3
2019/7/28, 49, 49, 4, 1, 2
2019/7/29, 53, 53, 7, 1, 2
2019/7/30, 63, 48, 6, 1, 2
2019/7/31, 60, 45, 9, 1, 2
2019/8/1, 44, 44, 7, 1, 2
2019/8/2, 44, 43, 10, , 2
2019/8/3, 49, 51, 3, , 1
2019/8/4, 43, 47, 3, , 1
2019/8/5, 46, 58, 4, , 1
2019/8/6, 40, 42, 6, , 2
2019/8/7, 46, 38, 5, , 1
2019/8/8, 49, 48, 8, 1, 1
2019/8/9, 54, 44, 6, 1, 1
2019/8/10, 51, 32, 4, 1, 1
2019/8/11, 35, 32, 3, , 1
2019/8/12, 33, 43, 11, 1, 1
2019/8/13, 36, 27, 10, 1, 2
2019/8/14, 48, 40, 8, , 2
2019/8/15, 59, 38, 4, , 2
2019/8/16, 53, 39, 3, 1, 1
2019/8/17, 30, 36, 1, , 1
2019/8/18, 25, 36, 4, , 1
2019/8/19, 45, 41, 8, 1, 1
2019/8/20, 47, 45, 8, , 2
2019/8/21, 44, 33, 5, , 1
2019/8/22, 41, 45, 8, 1, 1
2019/8/23, 57, 25, 5, , 2
2019/8/24, 36, 26, 4, 1, 1
2019/8/25, 34, 25, 2, 1, 2
2019/8/26, 21, 29, 4, 1, 1
2019/8/27, 26, 26, 6, , 2
2019/8/28, 18, 32, 6, , 2
2019/8/29, 24, 36, 6, , 2
2019/8/30, 34, 51, 15, 1, 2
2019/8/31, 36, 40, 7, , 2
2019/9/1, 45, 35, 2, , 2
2019/9/2, 20, 32, 4, 1, 2
2019/9/3, 29, 43, 3, , 2
2019/9/4, 49, 41, 7, 1, 2
2019/9/5, 36, 26, 5, , 2
2019/9/6, 31, 22, 6, , 2
2019/9/7, 20, 33, 6, , 1
2019/9/8, 31, 31, 6, 1, 1
2019/9/9, 48, 40, 7, , 1
2019/9/10, 42, 35, 6, , 1
2019/9/11, 35, 49, 7, 1, 1
2019/9/12, 40, 41, 7, 1, 1
2019/9/13, 46, 22, 2, 1, 1
2019/9/14, 32, 28, 2, , 1
2019/9/15, 15, 39, 4, 1, 1
2019/9/16, 38, 42, 12, 3, 2
2019/9/17, 34, 36, 7, , 1
2019/9/18, 35, 28, 11, , 2
2019/9/19, 30, 30, 8, , 1
2019/9/20, 24, 42, 13, 1, 1
2019/9/21, 42, 60, 13, 1, 2
2019/9/22, 44, 45, 7, 1, 2
2019/9/23, 46, 49, 8, 1, 1
2019/9/24, 51, 26, 5, , 1
2019/9/25, 36, 41, 10, 1, 2
2019/9/26, 34, 36, 9, 1, 1
2019/9/27, 36, 40, 9, , 2
2019/9/28, 45, 37, 6, 1, 1
2019/9/29, 25, 29, 2, , 1
2019/9/30, 32, 23, 6, , 1
2019/10/1, 25, 34, 5, , 1
2019/4/2, 37, 37, 16, , 3
2019/4/3, 38, 41, 8, 1, 2
2019/4/4, 54, 40, 11, 1, 1
2019/4/5, 50, 29, 6, , 2
2019/4/6, 34, 38, 11, , 3
2019/4/7, 43, 44, 9, 1, 3
2019/4/8, 50, 32, 13, 1, 2
2019/4/9, 36, 33, 10, 2, 2
2019/4/10, 44, 32, 4, , 1
2019/4/11, 31, 31, 3, , 1
2019/4/12, 19, 33, 6, , 2
2019/4/13, 20, 34, 6, 1, 2
2019/4/14, 37, 17, 5, , 1
2019/4/15, 20, 36, 4, , 1
2019/4/16, 44, 37, 9, , 1
2019/4/17, 38, 35, 4, , 2
2019/4/18, 18, 41, 4, , 2
2019/4/19, 33, 27, 4, , 2
2019/4/20, 17, 31, 1, , 2
2019/4/21, 33, 33, 3, , 2
2019/4/22, 28, 29, 5, , 3
2019/4/23, 31, 39, 13, 1, 3
2019/4/24, 39, 33, 10, 1, 2
2019/4/25, 40, 27, 6, , 
2019/4/26, 19, 32, 6, , 3
2019/4/27, 37, 36, 4, 1, 2
2019/4/28, 34, 30, 3, , 2
2019/4/29, 31, 34, 4, , 1
2019/4/30, 28, 37, 7, 1, 1
2019/5/1, 49, 31, 3, , 1
2019/5/2, 18, 36, 10, 1, 2
2019/5/3, 45, 26, 5, , 1
2019/5/4, 23, 30, 6, , 
2019/5/5, 29, 25, 3, , 1
2019/5/6, 14, 35, 4, , 2
2019/5/7, 21, 40, 7, 1, 1
2019/5/8, 23, 29, 7, , 2
2019/5/9, 38, 27, 3, , 2
2019/5/10, 27, 29, 8, 1, 1
2019/5/11, 19, 35, 4, , 
2019/5/12, 41, 33, 2, , 1
2019/5/13, 12, 28, 5, , 1
2019/5/14, 8, 20, 8, 2, 1
2019/5/15, 25, 33, 7, , 2
2019/5/16, 23, 42, 13, 2, 2
2019/5/17, 47, 46, 13, 1, 3
2019/5/18, 44, 46, 5, 1, 3
2019/5/19, 52, 39, 4, , 2
2019/5/20, 32, 45, 9, 1, 2
2019/5/21, 71, 29, 3, , 2
2019/5/22, 39, 38, 7, 1, 2
2019/5/23, 43, 27, 10, , 2
2019/5/24, 39, 37, 5, 1, 2
2019/5/25, 55, 31, 2, , 2
2019/5/26, 17, 40, 3, , 2
2019/5/27, 36, 36, 2, , 2
2019/5/28, 40, 29, 10, , 3
2019/5/29, 28, 46, 9, 1, 2
2019/5/30, 54, 38, 10, , 2
2019/5/31, 40, 41, 7, 1, 2
2019/6/1, 57, 46, 12, , 4
2019/6/2, 62, 46, 7, 1, 1
2019/6/3, 69, 28, 6, , 1
2019/6/4, 65, 33, 7, 2, 1
2019/6/5, 62, 45, 7, 1, 1
2019/6/6, 73, 44, 7, , 2
2019/6/7, 63, 47, 5, , 2
2019/6/8, 47, 39, 6, , 2
2019/6/9, 53, 35, 2, , 1
2019/6/10, 33, 21, 4, , 1
2019/6/11, 11, 31, 3, , 
2019/6/12, 43, 28, 4, , 2
2019/6/13, 26, 31, 4, 1, 2
2019/6/14, 17, 24, 9, 1, 2
2019/6/15, 46, 42, 9, 1, 2
2019/6/16, 29, 38, 5, , 2
2019/6/17, 27, 34, 7, , 2
2019/6/18, 40, 34, 5, 1, 2
2019/6/19, 38, 23, 5, , 1
2019/6/20, 18, 31, 7, 1, 1
2019/6/21, 27, 27, 5, , 1
2019/6/22, 40, 23, 2, , 2
2019/6/23, 23, 32, 3, 1, 1
2019/6/24, 21, 40, 11, 1, 1
2019/6/25, 32, 38, 7, , 1
2019/6/26, 40, 49, 9, 1, 1
2019/6/27, 43, 56, 9, 1, 1
2019/6/28, 48, 60, 15, 1, 2
2019/6/29, 46, 50, 10, , 2
2019/6/30, 52, 31, 2, 1, 1
2019/7/1, 46, 34, 4, , 1
2019/1/2, 43, 16, 11, , 3
2019/1/3, 27, 15, 14, , 1
2019/1/4, 39, 9, 20, 1, 2
2019/1/5, 57, 12, 11, , 2
2019/1/6, 24, 25, 7, , 2
2019/1/7, 42, 21, 9, , 2
2019/1/8, 22, 10, 22, , 4
2019/1/9, 34, 19, 9, , 2
2019/1/10, 41, 22, 4, , 2
2019/1/11, 24, 26, 6, , 2
2019/1/12, 18, 21, 12, , 2
2019/1/13, 27, 16, 15, , 3
2019/1/14, 42, 23, 14, , 4
2019/1/15, 39, 17, 22, 1, 4
2019/1/16, 61, 10, 24, 1, 4
2019/1/17, 84, 21, 12, , 3
2019/1/18, 26, 5, 25, , 4
2019/1/19, 81, 13, 17, , 4
2019/1/20, 67, 29, 8, , 4
2019/1/21, 52, 27, 4, , 3
2019/1/22, 23, 22, 12, , 3
2019/1/23, 35, 24, 20, , 4
2019/1/24, 34, 25, 8, , 3
2019/1/25, 63, 26, 13, , 4
2019/1/26, 62, 22, 17, 1, 5
2019/1/27, 38, 25, 18, 1, 5
2019/1/28, 33, 23, 12, 1, 2
2019/1/29, 50, 18, 23, 1, 3
2019/1/30, 54, 26, 7, 1, 1
2019/1/31, 50, 22, 11, 1, 2
2019/2/1, 38, 16, 21, 1, 3
2019/2/2, 51, 16, 18, 1, 3
2019/2/3, 87, 11, 30, 2, 5
2019/2/4, 96, 14, 40, 1, 9
2019/2/5, 85, 15, 35, 1, 6
2019/2/6, 83, 19, 11, , 3
2019/2/7, 41, 15, 13, , 2
2019/2/8, 35, 24, 12, 1, 1
2019/2/9, 36, 28, 3, , 1
2019/2/10, 32, 24, 11, 1, 1
2019/2/11, 35, 13, 18, , 2
2019/2/12, 73, 24, 12, , 2
2019/2/13, 43, 21, 14, 1, 2
2019/2/14, 51, 22, 19, 1, 2
2019/2/15, 55, 33, 11, , 2
2019/2/16, 25, 31, 3, , 
2019/2/17, 40, 25, 6, , 2
2019/2/18, 32, 28, 11, , 2
2019/2/19, 40, 30, 6, , 2
2019/2/20, 30, 21, 15, , 2
2019/2/21, 21, 27, 16, 2, 3
2019/2/22, 49, 33, 9, , 3
2019/2/23, 54, 26, 10, , 3
2019/2/24, 39, 34, 9, , 3
2019/2/25, 26, 31, 5, , 2
2019/2/26, 42, 31, 6, 1, 2
2019/2/27, 39, 30, 6, , 3
2019/2/28, 26, 31, 9, , 2
2019/3/1, 39, 27, 12, , 2
2019/3/2, 37, 25, 11, , 2
2019/3/3, 51, 28, 10, , 2
2019/3/4, 68, 35, 10, 1, 2
2019/3/5, 41, 30, 10, 1, 1
2019/3/6, 45, 28, 9, 1, 1
2019/3/7, 57, 26, 18, 1, 2
2019/3/8, 62, 32, 20, 1, 3
2019/3/9, 61, 35, 10, 1, 2
2019/3/10, 60, 35, 11, , 2
2019/3/11, 50, 36, 12, 1, 2
2019/3/12, 56, 38, 6, , 2
2019/3/13, 36, 36, 21, , 4
2019/3/14, 44, 38, 12, , 3
2019/3/15, 34, 30, 7, , 2
2019/3/16, 30, 36, 2, , 2
2019/3/17, 35, 35, 4, 1, 2
2019/3/18, 43, 32, 12, 1, 3
2019/3/19, 39, 34, 16, , 4
2019/3/20, 51, 38, 14, 1, 4
2019/3/21, 44, 36, 5, , 3
2019/3/22, 16, 34, 5, , 3
2019/3/23, 30, 35, 3, , 3
2019/3/24, 32, 37, 12, 2, 3
2019/3/25, 31, 33, 13, 1, 4
2019/3/26, 46, 35, 4, , 3
2019/3/27, 31, 33, 8, , 4
2019/3/28, 38, 38, 15, , 3
2019/3/29, 36, 22, 20, 1, 2
2019/3/30, 46, 44, 9, , 2
2019/3/31, 49, 35, 3, 1, 1
2019/4/1, 32, 36, 5, , 1
2018/10/2, 37, 36, 9, , 1
2018/10/3, 45, 30, 11, , 2
2018/10/4, 38, 32, 18, 1, 2
2018/10/5, 36, 18, 4, , 1
2018/10/6, 35, 15, 2, , 2
2018/10/7, 10, 20, 9, , 3
2018/10/8, 35, 16, 7, , 4
2018/10/9, 39, 22, 6, , 2
2018/10/10, 22, 22, 6, , 2
2018/10/11, 29, 12, 6, , 2
2018/10/12, 23, 23, 3, , 2
2018/10/13, 43, 22, 4, , 2
2018/10/14, 32, 16, 9, 1, 3
2018/10/15, 26, 14, 11, , 3
2018/10/16, 29, 19, 9, , 3
2018/10/17, 54, 23, 12, , 3
2018/10/18, 64, 23, 8, , 3
2018/10/19, 41, 28, 15, , 4
2018/10/20, 46, 25, 8, , 3
2018/10/21, 34, 24, 1, , 3
2018/10/22, 31, 22, 10, , 3
2018/10/23, 33, 27, 11, , 1
2018/10/24, 37, 18, 4, , 2
2018/10/25, 35, 20, 8, , 1
2018/10/26, 38, 15, 12, , 2
2018/10/27, 24, 24, 3, , 1
2018/10/28, 18, 10, 9, 1, 2
2018/10/29, 43, 17, 8, , 2
2018/10/30, 36, 26, 13, , 3
2018/10/31, 49, 27, 15, , 4
2018/11/1, 41, 25, 12, , 2
2018/11/2, 40, 24, 6, , 2
2018/11/3, 21, 21, 4, , 2
2018/11/4, 49, 21, 7, , 3
2018/11/5, 30, 21, 8, , 3
2018/11/6, 16, 7, 12, , 3
2018/11/7, 19, 16, 17, 1, 4
2018/11/8, 50, 15, 9, , 3
2018/11/9, 36, 9, 11, , 3
2018/11/10, 34, 24, 6, , 4
2018/11/11, 42, 18, 10, 1, 4
2018/11/12, 62, , 25, , 8
2018/11/13, 79, 18, 8, , 1
2018/11/14, 48, 23, 5, , 
2018/11/15, 31, 21, 12, , 2
2018/11/16, 16, 21, 10, , 2
2018/11/17, 66, 16, 13, 1, 2
2018/11/18, 68, 16, 17, , 5
2018/11/19, 51, 3, 28, 1, 7
2018/11/20, 76, 16, 14, , 4
2018/11/21, 67, 24, 14, 2, 2
2018/11/22, 66, 25, 1, , 2
2018/11/23, 34, 19, 12, 1, 4
2018/11/24, 38, 9, 24, 2, 5
2018/11/25, 40, 21, 10, , 6
2018/11/26, 45, 18, 15, , 7
2018/11/27, 42, 14, 8, , 3
2018/11/28, 52, 16, 6, , 
2018/11/29, 30, 18, 7, , 1
2018/11/30, 35, 6, 20, , 3
2018/12/1, 38, 9, 13, , 3
2018/12/2, 59, 14, 15, , 3
2018/12/3, 34, 13, 12, , 2
2018/12/4, 58, 20, 6, , 2
2018/12/5, 29, 11, 19, 1, 3
2018/12/6, 39, 15, 14, 1, 3
2018/12/7, 60, 20, 9, 1, 2
2018/12/8, 32, 19, 16, 1, 5
2018/12/9, 49, 11, 18, , 3
2018/12/10, 43, 21, 18, , 4
2018/12/11, 68, 11, 26, 1, 5
2018/12/12, 71, 18, 17, 1, 4
2018/12/13, 74, 17, 20, , 5
2018/12/14, 57, 7, 26, , 6
2018/12/15, 32, 17, 20, , 5
2018/12/16, 32, 20, 6, , 4
2018/12/17, 25, 22, 8, , 4
2018/12/18, 40, 24, 6, , 2
2018/12/19, 28, 10, 25, 1, 4
2018/12/20, 45, 26, 27, , 6
2018/12/21, 55, 26, 5, , 2
2018/12/22, 26, 19, 5, , 2
2018/12/23, 49, 18, 6, 1, 2
2018/12/24, 40, 19, 10, , 2
2018/12/25, 49, 16, 6, , 2
2018/12/26, 38, 11, 18, 1, 3
2018/12/27, 62, 18, 17, , 6
2018/12/28, 66, 16, 14, , 3
2018/12/29, 30, 17, 8, , 3
2018/12/30, 46, 12, 13, , 4
2018/12/31, 45, , , , 
2018/7/2, 64, , , , 
2018/4/2, 31, 28, 11, , 1
2018/4/3, 37, 26, 10, , 1
2018/4/4, 33, 32, 11, 1, 3
2018/4/5, 43, 31, 8, , 1
2018/4/6, 43, 38, 10, , 1
2018/4/7, 41, 37, 4, , 1
2018/4/8, 40, 35, 2, , 
2018/4/9, 34, 34, 8, 1, 1
2018/4/10, 47, 33, 7, , 1
2018/4/11, 54, 34, 17, , 1
2018/4/12, 47, 36, 16, 1, 
2018/4/13, 57, 45, 9, 1, 1
2018/4/14, 57, 42, 5, 1, 1
2018/4/15, 60, 33, 1, , 1
2018/4/16, 37, 26, 8, , 6
2018/4/17, 56, 28, 9, , 1
2018/4/18, 39, 28, 11, , 1
2018/4/19, 36, 33, 9, , 1
2018/4/20, 38, 34, 3, , 1
2018/4/21, 23, 40, 6, 1, 1
2018/4/22, 39, 45, 8, , 2
2018/4/23, 34, 46, 14, , 2
2018/4/24, 47, 40, 7, , 1
2018/4/25, 34, 33, 4, , 1
2018/4/26, 23, 35, 9, , 1
2018/4/27, 50, 33, 15, , 1
2018/4/28, 31, 44, 10, , 2
2018/4/29, 49, 30, 2, , 1
2018/4/30, 39, 33, 11, 1, 1
2018/5/1, 44, 51, 17, , 1
2018/5/2, 52, 57, 18, 1, 1
2018/5/3, 53, 52, 12, 1, 1
2018/5/4, 59, 44, 15, 1, 1
2018/5/5, 66, 43, 3, , 1
2018/5/6, 45, 39, 4, , 1
2018/5/7, 26, 44, 4, , 1
2018/5/8, 37, 41, 3, , 1
2018/5/9, 33, 49, 8, , 1
2018/5/10, 33, 36, 9, 1, 1
2018/5/11, 35, 45, 6, , 1
2018/5/12, 48, 36, 4, , 1
2018/5/13, 42, 26, 3, , 1
2018/5/14, 33, 26, 9, 1, 1
2018/5/15, 32, 39, 11, 1, 1
2018/5/16, 51, 22, 6, , 1
2018/5/17, 30, 15, 12, , 2
2018/5/18, 16, 28, 9, , 1
2018/5/19, 44, 23, 4, , 1
2018/5/20, 15, 30, 3, , 1
2018/5/21, 37, 50, 4, , 
2018/5/22, 34, 24, 12, , 2
2018/5/23, 27, 36, 7, , 1
2018/5/24, 38, 52, 7, 1, 1
2018/5/25, 31, 50, 9, 4, 1
2018/5/26, 43, 49, 6, 1, 1
2018/5/27, 44, 29, 3, , 
2018/5/28, 32, 20, 2, , 
2018/5/29, 21, 37, 8, 5, 1
2018/5/30, 41, 24, 5, 4, 
2018/5/31, 34, 17, 3, , 1
2018/6/1, 20, 40, 6, , 1
2018/6/2, 45, 42, 4, , 
2018/6/3, 40, 20, 2, , 
2018/6/4, 40, 27, 4, , 1
2018/6/5, 27, 39, 9, , 1
2018/6/6, 43, 27, 5, , 1
2018/6/7, 36, 34, 5, , 1
2018/6/8, 27, 39, 10, 1, 1
2018/6/9, 31, 55, 10, , 1
2018/6/10, 49, 25, 4, , 1
2018/6/11, 47, 31, 5, , 
2018/6/12, 31, 34, 10, , 1
2018/6/13, 27, 31, 8, 1, 1
2018/6/14, 34, 35, 4, , 1
2018/6/15, 49, 31, 4, , 1
2018/6/16, 37, 32, 6, , 1
2018/6/17, 38, 32, 24, , 1
2018/6/18, 43, 60, 21, 1, 1
2018/6/19, 58, 36, 4, , 1
2018/6/20, 53, 45, 5, , 1
2018/6/21, 32, 43, 7, , 2
2018/6/22, 55, 29, 3, , 2
2018/6/23, 30, 23, 2, , 2
2018/6/24, 21, 38, 4, , 2
2018/6/25, 45, 33, 3, , 
2018/6/26, 39, 37, 5, , 2
2018/6/27, 32, 25, 5, , 1
2018/6/28, 15, 38, 6, 1, 1
2018/6/29, 40, 50, 7, , 2
2018/6/30, 41, 66, 13, 1, 2
2018/7/1, 54, 66, 7, , 1
2018/1/2, 30, 19, 15, 1, 1
2018/1/3, 52, 11, 26, 1, 3
2018/1/4, 51, 27, 11, 1, 1
2018/1/5, 39, 24, 6, , 2
2018/1/6, 32, 26, 9, , 2
2018/1/7, 31, 25, 7, 1, 2
2018/1/8, 24, 18, 16, 1, 
2018/1/9, 48, 17, 24, , 3
2018/1/10, 79, 16, 28, , 3
2018/1/11, 60, 24, 27, 1, 3
2018/1/12, 57, 23, 8, , 
2018/1/13, 18, 26, 3, , 1
2018/1/14, 38, 26, 5, , 2
2018/1/15, 25, 19, 14, 1, 2
2018/1/16, 29, 14, 18, , 1
2018/1/17, 48, 18, 15, 1, 1
2018/1/18, 63, 21, 13, 1, 1
2018/1/19, 52, 14, 29, 1, 2
2018/1/20, 66, 21, 24, 1, 1
2018/1/21, 58, 20, 23, 1, 3
2018/1/22, 75, 11, 31, , 2
2018/1/23, 63, 24, 10, , 
2018/1/24, 43, 24, 9, 2, 1
2018/1/25, 45, 24, 9, , 1
2018/1/26, 35, 19, 17, 1, 2
2018/1/27, 55, 30, 14, 1, 2
2018/1/28, 45, 20, 16, , 1
2018/1/29, 41, 15, 15, , 1
2018/1/30, 40, 24, 10, , 1
2018/1/31, 43, 23, 9, 1, 1
2018/2/1, 27, 9, 23, , 2
2018/2/2, 43, 24, 8, , 1
2018/2/3, 42, 21, 8, 1, 2
2018/2/4, 33, 18, 17, 1, 3
2018/2/5, 30, 25, 11, , 2
2018/2/6, 47, 16, 24, 1, 3
2018/2/7, 53, 15, 22, , 3
2018/2/8, 57, 28, 8, 1, 2
2018/2/9, 46, 25, 20, 1, 3
2018/2/10, 66, 6, 32, , 5
2018/2/11, 59, 13, 12, , 2
2018/2/12, 12, 27, 9, , 1
2018/2/13, 50, 27, 7, , 2
2018/2/14, 37, 19, 13, 1, 1
2018/2/15, 39, 7, 16, 1, 1
2018/2/16, 30, 25, 14, 2, 1
2018/2/17, 55, 27, 6, , 2
2018/2/18, 36, 30, 10, , 3
2018/2/19, 48, 18, 20, , 2
2018/2/20, 41, 13, 15, 2, 1
2018/2/21, 43, 20, 12, , 1
2018/2/22, 37, 21, 8, , 1
2018/2/23, 36, 20, 10, , 1
2018/2/24, 18, 13, 13, , 2
2018/2/25, 49, 18, 10, , 1
2018/2/26, 29, 21, 18, , 2
2018/2/27, 55, 25, 22, 1, 4
2018/2/28, 51, 30, 14, 1, 1
2018/3/1, 59, 22, 18, 1, 3
2018/3/2, 56, 29, 5, , 2
2018/3/3, 32, 30, 2, , 2
2018/3/4, 28, 33, 2, , 2
2018/3/5, 26, 29, 5, , 4
2018/3/6, 27, 29, 11, 1, 1
2018/3/7, 36, 24, 10, , 1
2018/3/8, 24, 25, 12, , 1
2018/3/9, 41, 24, 10, , 1
2018/3/10, 61, 30, 10, 1, 1
2018/3/11, 61, 34, 7, , 1
2018/3/12, 33, 27, 10, , 1
2018/3/13, 33, 30, 7, , 
2018/3/14, 32, 26, 12, , 1
2018/3/15, 55, 30, 12, 1, 1
2018/3/16, 58, 30, 7, , 1
2018/3/17, 34, 30, 10, , 1
2018/3/18, 48, 37, 10, , 1
2018/3/19, 49, 34, 15, , 1
2018/3/20, 52, 21, 17, , 1
2018/3/21, 30, 30, 9, , 1
2018/3/22, 21, 32, 8, , 1
2018/3/23, 32, 32, 6, , 1
2018/3/24, 28, 36, 5, , 1
2018/3/25, 33, 29, 5, , 1
2018/3/26, 31, 33, 11, , 1
2018/3/27, 40, 27, 17, , 2
2018/3/28, 37, 18, 17, 1, 1
2018/3/29, 59, 32, 10, , 1
2018/3/30, 52, 28, 9, , 
2018/3/31, 48, 33, 3, , 1
2018/4/1, 38, 32, 7, 5, 1
2017/10/2, 19, 33, 14, , 2
2017/10/3, 35, 26, 12, , 1
2017/10/4, 38, 32, 14, 1, 2
2017/10/5, 43, 39, 17, 1, 1
2017/10/6, 58, 37, 20, 1, 1
2017/10/7, 60, 26, 5, , 1
2017/10/8, 34, 14, 6, , 
2017/10/9, 37, 9, 5, , 
2017/10/10, 32, 25, 8, , 3
2017/10/11, 26, 28, 8, , 2
2017/10/12, 28, 20, 3, , 
2017/10/13, 21, 20, 5, , 1
2017/10/14, 25, 17, 8, , 2
2017/10/15, 26, 19, 5, , 1
2017/10/16, 30, 21, 5, , 1
2017/10/17, 27, 15, 8, 1, 1
2017/10/18, 48, 28, 18, 1, 2
2017/10/19, 47, 29, 19, 1, 1
2017/10/20, 44, 36, 14, 1, 1
2017/10/21, 30, 27, 20, 1, 3
2017/10/22, 48, 33, 14, 1, 3
2017/10/23, 57, 26, 6, , 1
2017/10/24, 45, 27, 6, , 1
2017/10/25, 33, 25, 8, , 1
2017/10/26, 25, 16, 6, , 1
2017/10/27, 25, 26, 14, 1, 3
2017/10/28, 46, 35, 9, , 2
2017/10/29, 40, 29, 3, , 1
2017/10/30, 27, 20, 7, 1, 1
2017/10/31, 33, 18, 13, , 2
2017/11/1, 41, 20, 12, 1, 3
2017/11/2, 57, 24, 11, , 3
2017/11/3, 40, 20, 15, 1, 1
2017/11/4, 37, 21, 5, , 1
2017/11/5, 23, 17, 9, , 1
2017/11/6, 43, 18, 7, , 1
2017/11/7, 35, 16, 7, , 3
2017/11/8, 36, 13, 11, , 3
2017/11/9, 40, 21, 14, , 3
2017/11/10, 39, 28, 5, , 3
2017/11/11, 22, 24, 12, , 7
2017/11/12, 72, 17, 28, 1, 8
2017/11/13, 112, 3, 26, , 6
2017/11/14, 105, 16, 16, , 5
2017/11/28, 61, 23, 21, 1, 2
2017/11/29, 57, 24, 16, 1, 1
2017/11/30, 48, 12, 17, , 2
2017/12/1, 43, 19, 15, , 2
2017/12/2, 49, 14, 19, , 3
2017/12/3, 46, 9, 22, , 4
2017/12/4, 69, 14, 23, , 9
2017/12/5, 101, 17, 16, 1, 1
2017/12/6, 22, 18, 11, 1, 1
2017/12/7, 50, 15, 17, , 1
2017/12/8, 54, 12, 13, 1, 2
2017/12/9, 48, 12, 12, 1, 2
2017/12/10, 51, 12, 14, , 2
2017/12/11, 112, 12, 17, 1, 3
2017/12/12, 62, 24, 13, 1, 2
2017/12/13, 48, 21, 8, 1, 3
2017/12/14, 40, 17, 14, 1, 3
2017/12/15, 50, 13, 21, , 3
2017/12/16, 21, , , , 
2017/12/20, 49, 17, 15, , 2
2017/12/21, 51, 14, 16, , 5
2017/12/22, 42, 7, 25, 1, 6
2017/12/23, 54, 16, 14, , 3
2017/12/24, 48, 18, 6, , 2
2017/12/25, 32, 21, 7, , 3
2017/12/26, 42, 19, 13, 1, 4
2017/12/27, 41, 21, 7, , 4
2017/12/28, 39, 23, 6, 1, 3
2017/12/29, 22, 22, 10, 1, 1
2017/12/30, 34, 15, 16, 1, 1
2017/12/31, 56, 26, 4, 1, 2
2018/1/1, 36, 27, 8, 1, 2
2017/7/2, 42, 24, 4, , 
2017/7/3, 38, 46, 6, , 1
2017/7/4, 48, 47, 7, , 1
2017/7/5, 57, 35, 5, , 1
2017/7/6, 31, 19, 3, , 
2017/7/7, 42, 36, 6, , 
2017/7/8, 26, 41, 9, , 
2017/7/9, 46, 32, 3, 1, 
2017/7/10, 24, 36, 11, , 1
2017/7/11, 52, 49, 10, , 1
2017/7/12, 58, 39, 9, , 1
2017/7/13, 62, 38, 14, , 1
2017/7/14, 61, 21, 7, , 1
2017/7/15, 27, 37, 7, , 1
2017/7/16, 27, 38, 3, , 1
2017/7/17, 31, 38, 8, , 1
2017/7/18, 52, 43, 6, , 
2017/7/19, 44, 62, 7, , 
2017/7/20, 52, 46, 14, , 1
2017/7/21, 77, 46, 10, , 1
2017/7/22, 55, 68, 5, , 1
2017/7/23, 52, 37, 1, , 
2017/7/24, 38, 41, 4, , 
2017/7/25, 29, 30, 4, , 
2017/7/26, 24, 29, 2, , 
2017/7/27, 16, 27, 6, , 
2017/7/28, 39, 39, 5, , 1
2017/7/29, 42, 24, 3, , 
2017/7/30, 20, 29, 3, , 
2017/7/31, 21, 38, 8, 1, 1
2017/8/1, 50, 55, 13, , 1
2017/8/2, 61, 39, 12, 1, 1
2017/8/3, 57, 41, 7, , 1
2017/8/4, 43, 33, 5, , 
2017/8/5, 45, 28, 2, , 1
2017/8/6, 31, 27, 3, , 1
2017/8/7, 32, 23, 7, , 1
2017/8/8, 51, 34, 3, , 1
2017/8/9, 29, 53, 8, , 1
2017/8/10, 38, 45, 10, , 2
2017/8/11, 51, 37, 7, , 
2017/8/12, 35, 26, 4, , 1
2017/8/13, 43, 37, 2, , 1
2017/8/14, 18, 41, 9, , 1
2017/8/15, 48, 25, 10, , 1
2017/8/16, 52, 47, 10, , 2
2017/8/17, 37, 49, 9, , 1
2017/8/18, 51, 23, 7, , 2
2017/8/19, 51, 38, 7, , 
2017/8/20, 36, 34, 3, , 1
2017/8/21, 34, 35, 15, , 2
2017/8/22, 68, 36, 5, , 
2017/8/23, 56, 37, 6, , 1
2017/8/24, 32, 37, 7, , 1
2017/8/25, 24, 31, 5, , 1
2017/8/26, 31, 32, 4, , 1
2017/8/27, 23, 37, 6, , 1
2017/8/28, 46, 29, 7, 1, 1
2017/8/29, 39, 14, 7, , 1
2017/8/30, 32, 35, 5, , 1
2017/8/31, 31, 41, 9, , 1
2017/9/1, 52, 29, 4, , 1
2017/9/2, 15, 26, 6, , 1
2017/9/3, 40, 23, 4, 1, 1
2017/9/4, 28, 38, 5, 1, 
2017/9/5, 48, 34, , , 1
2017/9/6, 66, , , , 
2017/9/11, 48, 27, 10, , 3
2017/9/12, 51, 34, 17, 1, 2
2017/9/13, 50, 18, 15, 1, 2
2017/9/14, 61, 34, 7, , 1
2017/9/15, 47, 36, 12, 1, 1
2017/9/16, 39, 42, 8, , 1
2017/9/17, 53, 42, 1, , 1
2017/9/18, 38, 16, 4, , 
2017/9/19, 32, 18, 4, , 
2017/9/20, 49, 23, 6, , 1
2017/9/21, 23, 27, 10, , 1
2017/9/22, 24, 31, 6, , 1
2017/9/23, 26, 34, 8, , 3
2017/9/24, 34, 45, 7, , 1
2017/9/25, 52, 56, 16, , 3
2017/9/26, 63, 24, 4, , 
2017/9/27, 28, 19, 8, , 1
2017/9/28, 28, 31, 4, , 
2017/9/29, 26, 31, 6, 1, 1
2017/9/30, 38, 20, 3, , 1
2017/10/1, 35, 32, 7, , 2
2017/4/8, 30, 25, 7, , 1
2017/4/9, 32, 38, 6, , 2
2017/4/10, 46, 43, 16, 2, 6
2017/4/11, 50, 46, 13, 1, 1
2017/4/12, 61, 51, 13, 1, 1
2017/4/13, 57, 39, 15, , 1
2017/5/12, 19, 32, 7, , 1
2017/5/13, 34, 32, 4, , 1
2017/5/14, 20, 28, 3, , 
2017/5/15, 32, 44, 2, , 1
2017/5/16, 30, 34, 2, , 1
2017/5/17, 41, 42, 10, 1, 1
2017/5/18, 69, 68, 16, 1, 1
2017/5/19, 70, 77, 13, 1, 1
2017/5/20, 70, 43, 16, 1, 1
2017/5/21, 48, 32, 2, , 1
2017/5/22, 68, 36, 3, , 1
2017/5/23, 46, 24, 9, , 1
2017/5/24, 40, 31, 7, , 1
2017/5/25, 37, 44, 4, , 1
2017/5/26, 26, 38, 4, , 1
2017/5/27, 35, 33, 8, , 1
2017/5/28, 49, 31, 5, , 1
2017/5/29, 65, 38, 4, , 
2017/5/30, 17, 28, 1, , 
2017/5/31, 23, 25, 2, , 
2017/6/1, 37, 46, 7, , 1
2017/6/2, 45, 49, 13, 1, 1
2017/6/3, 29, 42, 9, 1, 1
2017/6/4, 28, 37, 11, , 2
2017/6/5, 46, 44, 11, , 3
2017/6/6, 69, 32, 17, 1, 1
2017/6/7, 19, 24, 4, , 
2017/6/8, 18, 30, 5, , 1
2017/6/9, 29, 38, 11, 1, 1
2017/6/10, 43, 44, 13, 1, 1
2017/6/11, 64, 67, 11, 1, 1
2017/6/12, 58, 60, 5, 1, 1
2017/6/13, 76, 65, 17, 1, 1
2017/6/14, 72, 71, 15, 1, 1
2017/6/15, 62, 49, 7, , 
2017/6/16, 30, 42, 4, , 
2017/6/17, 54, 28, 3, , 
2017/6/18, 48, 29, 3, , 
2017/6/19, 47, 32, 4, , 
2017/6/20, 39, 24, 6, , 
2017/6/21, 35, 48, 7, 1, 
2017/6/22, 59, 53, 9, 1, 1
2017/6/23, 56, 67, 11, , 1
2017/6/24, 50, 24, 7, , 
2017/6/25, 30, 38, 3, , 
2017/6/26, 35, 45, 5, , 
2017/6/27, 38, 44, 7, 1, 
2017/6/28, 48, 40, 9, 1, 1
2017/6/29, 24, 40, 4, 1, 
2017/6/30, 56, 44, 6, , 
2017/7/1, 62, 45, 5, , 
2017/1/3, 37, 14, 15, , 2
2017/1/4, 15, 23, 13, , 2
2017/1/5, 47, 22, 11, 1, 2
2017/1/6, 48, 20, 13, , 3
2017/1/7, 47, 21, 8, , 3
2017/1/8, 40, 23, 8, , 3
2017/1/9, 43, 17, 18, 1, 4
2017/1/10, 37, 23, 22, , 3
2017/1/11, 34, 22, 18, 1, 1
2017/1/12, 49, 23, 9, , 1
2017/1/13, 38, 29, 10, 1, 1
2017/1/14, 52, 25, 7, , 2
2017/1/15, 27, 23, 9, , 2
2017/1/16, 57, 9, 25, 1, 3
2017/1/17, 77, 13, 19, , 2
2017/1/18, 52, 6, 17, , 3
2017/1/19, 33, 12, 14, , 3
2017/1/20, 29, 1, 23, , 7
2017/1/21, 51, 4, 13, , 2
2017/1/22, 37, 16, 12, , 3
2017/1/23, 29, 24, 4, , 1
2017/1/24, 25, 24, 7, , 
2017/1/25, 9, 19, 13, 1, 1
2017/1/26, 46, 13, 19, , 3
2017/1/27, 47, 15, 12, , 2
2017/1/28, 79, 17, 13, , 4
2017/1/29, 101, 23, 12, , 3
2017/1/30, 55, 23, 10, , 2
2017/1/31, 44, 15, 21, , 2
2017/2/1, 31, 23, 18, 1, 2
2017/2/2, 105, 28, 14, 1, 1
2017/2/3, 51, 27, 8, , 
2017/2/4, 46, 28, 8, 1, 1
2017/2/5, 55, 21, 14, 1, 1
2017/2/6, 49, 23, 16, 1, 1
2017/2/7, 71, 9, 29, , 2
2017/2/8, 65, 23, 12, 1, 1
2017/2/9, 53, 30, 6, , 1
2017/2/10, 25, 23, 14, 1, 1
2017/2/11, 58, 11, 27, 1, 3
2017/2/12, 53, 17, 12, , 2
2017/2/13, 57, 29, 4, , 1
2017/2/14, 32, 22, 16, 1, 2
2017/2/15, 47, 27, 21, 3, 1
2017/2/16, 55, 24, 5, , 1
2017/2/17, 25, 24, 11, , 2
2017/2/18, 46, 29, 24, 1, 2
2017/2/19, 56, 38, 13, 1, 1
2017/2/20, 59, 30, 8, , 1
2017/2/21, 32, 31, 12, , 1
2017/2/22, 40, 21, 23, , 1
2017/2/23, 42, 25, 18, , 1
2017/2/24, 54, 31, 12, , 
2017/2/25, 27, 31, 6, , 
2017/2/26, 24, 26, 5, , 1
2017/2/27, 37, 16, 21, , 1
2017/2/28, 52, 27, 22, , 2
2017/3/1, 31, 23, 10, , 
2017/3/2, 41, 32, 5, , 1
2017/3/3, 59, 32, 6, , 1
2017/3/4, 48, 33, 2, , 2
2017/3/5, 20, 32, 5, , 3
2017/3/6, 24, 33, 20, , 5
2017/3/7, 47, 30, 12, , 1
2017/3/8, 48, 33, 9, 1, 1
2017/3/9, 77, 35, 13, 1, 2
2017/3/10, 109, 33, 6, , 2
2017/3/11, 22, 32, 3, , 3
2017/3/12, 11, 31, 2, , 3
2017/3/13, 11, 29, 9, , 3
2016/10/2, 8, 11, 6, , 1
2016/10/3, 17, 32, 9, , 1
2016/10/4, 34, 16, 13, , 1
2016/10/5, 33, 21, 9, , 1
2016/10/6, 27, 29, 13, , 1
2016/10/7, 32, 29, 12, , 1
2016/10/8, 27, 11, 15, , 2
2016/10/9, 24, 19, 2, , 1
2016/10/10, 31, 27, 5, , 1
2016/10/11, 15, 22, 11, , 1
2016/10/12, 19, 26, 13, , 2
2016/10/13, 28, 19, 15, 1, 2
2016/10/14, 34, 21, 9, , 3
2016/10/15, 24, 29, 12, , 3
2016/10/16, 42, 28, 10, 1, 2
2016/10/17, 36, 29, 15, 1, 1
2016/10/18, 47, 30, 13, , 1
2016/10/19, 57, 35, 13, , 1
2016/10/20, 57, 33, 6, , 1
2016/10/21, 29, 26, 5, , 1
2016/10/22, 17, 20, 1, , 1
2016/10/23, 18, 27, 5, , 1
2016/10/24, 34, 28, 5, , 1
2016/10/25, 31, 22, 6, , 2
2016/10/26, 32, 25, 10, , 3
2016/10/27, 26, 23, 11, , 2
2016/10/28, 13, 29, 6, , 2
2016/10/29, 30, 30, 11, , 5
2016/10/30, 31, 28, 13, 1, 2
2016/10/31, 50, 19, 5, , 1
2016/11/1, 25, 20, 14, , 3
2016/11/2, 26, 15, 18, 1, 1
2016/11/3, 48, 23, 16, 1, 1
2016/11/4, 64, 22, 9, , 1
2016/11/5, 20, 26, 13, , 1
2016/11/6, 34, 30, 6, , 1
2016/11/7, 34, 19, 11, , 5
2016/11/8, 41, 20, 28, 1, 7
2016/11/9, 62, 19, 21, 1, 2
2016/11/10, 50, 19, 10, 8, 1
2016/11/11, 26, 24, 13, 22, 2
2016/11/12, 40, 26, 6, , 2
2016/11/13, 64, 26, 18, 1, 3
2016/11/14, 71, 12, 32, 2, 5
2016/11/15, 63, 25, 25, , 4
2016/11/16, 47, 16, 24, 1, 2
2016/11/17, 78, 22, 8, , 1
2016/11/18, 47, 14, 23, , 5
2016/11/19, 56, 29, 21, 1, 6
2016/11/20, 75, 25, 3, , 1
2016/11/21, 24, 26, 8, 56, 1
2016/11/22, 59, 28, 7, , 1
2016/11/23, 21, 22, 15, , 5
2016/11/24, 37, 15, 22, , 3
2016/11/25, 55, 2, 26, 3, 5
2016/11/26, 71, 14, 9, , 2
2016/11/27, 46, 22, 8, , 2
2016/11/28, 34, 19, 20, 1, 3
2016/11/29, 53, 21, 18, , 2
2016/11/30, 32, 10, 14, , 2
2016/12/1, 33, 19, 7, , 1
2016/12/2, 37, 10, 8, 1, 1
2016/12/3, 68, 24, 4, 1, 
2016/12/4, 41, 27, 8, , 3
2016/12/5, 22, 14, 11, 1, 2
2016/12/6, 41, 21, 16, 3, 3
2016/12/7, 25, 11, 15, , 4
2016/12/8, 31, 17, 20, 1, 4
2016/12/9, 62, 16, 10, , 3
2016/12/10, 37, 19, 9, 1, 3
2016/12/11, 66, 15, 10, 1, 4
2016/12/12, 47, 18, 17, 1, 3
2016/12/13, 52, 13, 16, , 1
2016/12/14, 59, 19, 16, , 1
2016/12/15, 67, 25, 8, 1, 1
2016/12/16, 37, 16, 14, 1, 2
2016/12/17, 63, 10, 15, , 1
2016/12/18, 39, 24, 6, 1, 2
2016/12/19, 52, 24, 7, , 1
2016/12/20, 15, 14, 25, , 2
2016/12/21, 45, 3, 34, 1, 3
2016/12/22, 76, 20, 22, 2, 3
2016/12/23, 68, 13, 22, 1, 2
2016/12/24, 87, 17, 15, , 1
2016/12/25, 50, 25, 13, , 5
2016/12/26, 43, 20, 18, , 2
2016/12/27, 36, 19, 14, 2, 1
2016/12/28, 50, 16, 15, , 2
2016/12/29, 43, 19, 19, , 2
2016/12/30, 37, 18, 15, 1, 2
2016/12/31, 50, 25, 10, , 1
2017/1/1, 28, 23, 14, 1, 4
2017/1/2, 44, 17, 21, , 3
2016/7/2, 37, 35, 2, , 1
2016/7/3, 30, 33, 3, , 1
2016/7/4, 26, 37, 4, , 1
2016/7/5, 28, 32, 5, , 1
2016/7/6, 35, 46, 8, 1, 1
2016/7/7, 50, 50, 11, , 1
2016/7/8, 57, 64, 6, , 1
2016/7/9, 52, 27, 1, , 
2016/7/10, 18, 31, 1, , 1
2016/7/11, 23, 38, 2, , 1
2016/7/12, 15, 43, 4, , 1
2016/7/13, 25, 24, 7, , 1
2016/7/14, 28, 42, 5, , 
2016/7/15, 48, 44, 8, , 1
2016/7/16, 56, 49, 5, 7, 1
2016/7/17, 48, 48, 4, , 1
2016/7/18, 35, 42, 8, , 1
2016/7/19, 45, 39, 5, , 1
2016/7/20, 37, 52, 6, , 1
2016/7/21, 33, 58, 10, 1, 1
2016/7/22, 41, 73, 6, , 1
2016/7/23, 47, 52, 7, , 1
2016/7/24, 58, 53, 5, 1, 2
2016/7/25, 48, 61, 7, , 1
2016/7/26, 38, 46, 7, , 1
2016/7/27, 31, 69, 8, , 1
2016/7/28, 44, 52, 8, , 1
2016/7/29, 46, 49, 3, , 1
2016/7/30, 34, 47, 4, , 1
2016/7/31, 44, 41, 1, , 1
2016/8/1, 30, 23, 2, , 
2016/8/2, 24, 26, 2, , 
2016/8/3, 27, 33, , , 1
2016/8/4, 27, 30, 4, , 1
2016/8/5, 31, 36, 5, 1, 1
2016/8/6, 39, 41, 3, , 1
2016/8/7, 37, 33, 3, , 1
2016/8/8, 30, 36, 9, , 2
2016/8/9, 31, 40, 4, , 2
2016/8/10, 30, 24, 5, , 
2016/8/11, 37, 35, 5, , 1
2016/8/12, 46, 48, 4, , 1
2016/8/13, 48, 35, 2, , 1
2016/8/14, 32, 34, 1, , 1
2016/8/15, 44, 46, 2, , 1
2016/8/16, 29, 34, 6, , 1
2016/8/17, 31, 40, 4, , 1
2016/8/18, 36, 44, 7, , 1
2016/8/19, 33, 49, 4, , 1
2016/8/20, 46, 47, 3, , 1
2016/8/21, 48, 36, 2, , 1
2016/8/22, 25, 26, 2, , 1
2016/8/23, 23, 42, 8, , 2
2016/8/24, 26, 48, 10, , 1
2016/8/25, 54, 38, 5, , 1
2016/8/26, 40, 45, 5, , 1
2016/8/27, 46, 44, 3, , 1
2016/8/31, 30, 62, 7, 1, 1
2016/9/1, 33, 34, 5, , 1
2016/9/2, 33, 26, 3, , 1
2016/9/3, 19, 24, 6, , 2
2016/9/4, 27, 39, 4, , 3
2016/9/5, 22, 32, 7, , 3
2016/9/6, 23, 27, 3, , 1
2016/9/7, 18, 34, 2, , 1
2016/9/8, 12, 46, 7, , 2
2016/9/9, 44, 50, 13, 1, 2
2016/9/10, 58, 43, 8, 1, 2
2016/9/11, 49, 32, 2, , 1
2016/9/12, 36, 35, 5, , 1
2016/9/13, 22, 38, 7, , 2
2016/9/14, 27, 57, 9, , 1
2016/9/15, 37, 29, 4, , 1
2016/9/16, 25, 30, 8, , 2
2016/9/17, 19, 35, 5, , 2
2016/9/18, 16, 25, 2, , 1
2016/9/19, 24, 19, 6, , 1
2016/9/20, 18, 32, 11, , 3
2016/9/21, 25, 45, 14, , 3
2016/9/22, 34, 48, 12, , 1
2016/9/23, 40, 70, 17, 1, 1
2016/9/24, 45, 28, 7, 1, 1
2016/9/25, 34, 29, 4, , 1
2016/9/26, 20, 32, 10, , 1
2016/9/27, 21, 30, 8, , 1
2016/9/28, 35, 24, 12, , 2
2016/9/29, 34, 22, 2, , 
2016/9/30, 9, 18, 7, , 1
2016/10/1, 14, 14, 5, , 1
2016/4/2, 26, 28, 4, , 
2016/4/3, 25, 34, 3, , 1
2016/4/4, 33, 20, 16, , 1
2016/4/5, 30, 32, 2, , 1
2016/4/6, 28, 36, 14, , 2
2016/4/7, 24, 29, 12, , 1
2016/4/8, 21, 30, 9, 2, 1
2016/4/9, 52, 31, 19, , 2
2016/4/10, 44, 33, 4, , 1
2016/4/11, 33, 32, 15, , 1
2016/4/12, 30, 32, 10, , 1
2016/4/13, 31, 31, 7, , 1
2016/4/14, 27, 20, 19, , 3
2016/4/15, 25, 35, 6, , 1
2016/4/16, 50, 39, 12, , 1
2016/4/17, 36, 44, 8, , 1
2016/4/18, 33, 50, 13, , 1
2016/4/19, 38, 45, 16, , 2
2016/4/20, 47, 40, 7, , 2
2016/4/21, 22, 40, 15, 1, 1
2016/4/22, 33, 41, 17, , 1
2016/4/23, 53, 31, 9, , 1
2016/4/24, 36, 37, 8, 1, 1
2016/4/25, 31, 38, 17, 1, 1
2016/4/26, 35, 35, 14, 1, 2
2016/4/27, 40, 21, 10, , 5
2016/4/28, 23, 32, 13, , 5
2016/4/29, 38, 32, 13, , 5
2016/4/30, 31, 34, 6, , 1
2016/5/1, 30, 26, 4, , 
2016/5/2, 12, 25, 11, , 1
2016/5/3, 29, 21, 7, , 1
2016/5/4, 21, 22, 5, , 
2016/5/5, 9, 20, 8, , 1
2016/5/6, 16, 18, 7, , 1
2016/5/7, 12, 23, 5, , 1
2016/5/8, 11, 34, 7, , 1
2016/5/9, 31, 25, 19, , 2
2016/5/10, 52, 23, 15, 1, 1
2016/5/11, 41, 21, 23, 1, 2
2016/5/12, 48, 38, 17, , 2
2016/5/13, 54, 20, 17, , 1
2016/5/14, 43, 38, 11, 1, 2
2016/5/15, 46, 29, 2, , 
2016/5/16, 28, 29, 9, , 1
2016/5/17, 42, 22, 20, 1, 1
2016/5/18, 33, 33, 9, , 1
2016/5/19, 36, 39, 9, , 1
2016/5/20, 39, 43, 11, , 1
2016/5/21, 30, 32, 7, , 1
2016/5/22, 27, 36, 7, , 1
2016/5/23, 19, 43, 14, , 2
2016/5/24, 35, 38, 13, , 1
2016/5/25, 42, 69, 17, , 2
2016/5/26, 66, 57, 20, 1, 2
2016/5/27, 60, 47, 11, , 1
2016/5/28, 64, 49, 4, , 1
2016/5/29, 53, 31, 4, , 1
2016/5/30, 28, 27, 3, , 1
2016/5/31, 17, 53, 4, , 1
2016/6/1, 29, 50, 8, , 1
2016/6/2, 43, 41, 3, , 
2016/6/3, 40, 20, 3, , 1
2016/6/4, 26, 39, 3, , 1
2016/6/5, 38, 27, 3, , 1
2016/6/6, 22, 44, 8, , 1
2016/6/7, 41, 48, 6, , 1
2016/6/8, 43, 26, 4, , 1
2016/6/9, 34, 37, 2, , 
2016/6/10, 28, 37, 4, , 1
2016/6/11, 25, 66, 12, , 2
2016/6/12, 51, 43, 1, , 1
2016/6/13, 54, 32, , , 1
2016/6/14, 22, 44, 2, , 1
2016/6/15, 24, 51, 8, 1, 1
2016/6/16, 38, 28, 7, , 1
2016/6/17, 33, 60, 6, , 1
2016/6/18, 46, 53, 6, , 1
2016/6/19, 29, 48, 6, 1, 1
2016/6/20, 46, 65, 9, , 1
2016/6/21, 53, 50, 10, 1, 1
2016/6/22, 54, 44, 8, 6, 1
2016/6/23, 50, 49, 12, , 1
2016/6/24, 48, 44, 7, , 1
2016/6/25, 47, 46, 3, , 1
2016/6/26, 48, 57, 6, 1, 1
2016/6/27, 45, 41, 5, , 1
2016/6/28, 39, 34, 4, , 1
2016/6/29, 24, 41, 5, , 1
2016/6/30, 33, 50, 5, 1, 1
2016/7/1, 37, 37, 5, , 1
2016/1/5, 27, 19, 13, , 5
2016/1/6, 80, 11, 34, 1, 7
2016/1/9, 63, 16, 12, , 1
2016/1/10, 35, 27, 3, , 
2016/1/11, 20, 20, 9, , 2
2016/1/12, 53, 25, 20, 4, 3
2016/1/13, 45, 20, 13, 1, 2
2016/1/14, 67, 15, 22, 1, 3
2016/1/15, 59, 13, 32, , 8
2016/1/16, 72, 20, 15, , 2
2016/1/17, 54, 20, 8, , 2
2016/1/18, 26, 20, 9, , 2
2016/1/19, 51, 22, 6, , 1
2016/1/20, 50, 19, 10, , 1
2016/1/21, 43, 20, 7, 1, 1
2016/1/22, 58, 22, 4, , 1
2016/1/23, 8, 28, , , 1
2016/1/25, 40, 10, 38, 3, 3
2016/1/26, 88, 20, 33, , 3
2016/1/27, 57, 21, 11, , 1
2016/1/28, 46, 17, 31, 1, 4
2016/1/29, 64, 20, 19, 1, 3
2016/1/30, 68, 23, 10, , 1
2016/1/31, 38, 26, 17, 1, 1
2016/2/1, 48, 14, 27, , 1
2016/2/2, 55, 24, 5, , 1
2016/2/3, 34, 19, , , 1
2016/2/10, 40, 17, 14, , 1
2016/2/11, 56, 26, 10, , 1
2016/2/12, 42, 23, 13, 1, 1
2016/2/13, 36, 27, 7, , 1
2016/2/14, 43, 27, 5, , 2
2016/2/15, 38, 15, 21, , 3
2016/2/16, 45, 30, 13, , 3
2016/2/17, 36, 15, 17, , 1
2016/2/18, 55, 25, 9, , 1
2016/2/19, 34, 28, 15, , 2
2016/2/20, 22, 27, 10, , 1
2016/2/21, 38, 22, 22, 1, 2
2016/2/22, 62, 19, 10, , 1
2016/2/23, 26, 26, 13, , 1
2016/2/24, 26, 27, 8, , 1
2016/2/25, 9, 21, 9, , 1
2016/2/26, 82, 29, 4, , 1
2016/2/27, 44, 30, 7, 2, 
2016/2/28, 46, 33, 11, 2, 1
2016/2/29, 40, 24, 15, 4, 1
2016/3/1, 52, 31, 15, , 2
2016/3/2, 43, 28, 5, , 1
2016/3/3, 45, 28, 6, , 2
2016/3/4, 40, 24, 11, , 2
2016/3/5, 49, 28, 9, , 2
2016/3/6, 45, 26, 18, , 4
2016/3/7, 65, 28, 16, 1, 2
2016/3/8, 72, 25, 33, 1, 3
2016/3/9, 67, 37, 26, 1, 3
2016/3/10, 62, 35, 18, 1, 2
2016/3/11, 67, 31, 7, , 1
2016/3/12, 33, 26, 8, 1, 1
2016/3/13, 33, 35, 13, , 2
2016/3/14, 42, 29, 6, , 1
2016/3/15, 12, 20, 14, , 2
2016/3/16, 20, 24, 19, 1, 4
2016/3/17, 50, 25, 18, 1, 2
2016/3/18, 52, 30, 12, , 2
2016/3/19, 46, 28, 7, , 2
2016/3/20, 26, 29, 6, , 2
2016/3/21, 25, 33, 8, , 3
2016/3/22, 40, 31, 13, 2, 4
2016/3/23, 40, 34, 17, 1, 1
2016/3/24, 59, 36, 9, , 1
2016/3/25, 60, 33, 7, , 
2016/3/26, 42, 31, 2, , 1
2016/3/27, 35, 31, 2, , 
2016/3/28, 29, 35, 9, 5, 3
2016/3/29, 38, 37, 3, , 1
2016/3/30, 37, 34, 12, , 1
2016/3/31, 30, 37, 10, 2, 
2016/4/1, 33, 30, 10, 1, 
2015/10/2, 16, 13, 8, , 
2015/10/3, 11, 13, 6, , 
2015/10/4, 18, 22, 6, , 1
2015/10/5, 19, 22, 14, , 2
2015/10/6, 30, 27, 18, , 2
2015/10/7, 29, 24, 10, , 2
2015/10/8, 33, 31, 14, 1, 4
2015/10/9, 53, 29, 8, 1, 1
2015/10/10, 50, 25, , , 1
2015/10/13, 53, 24, 13, 1, 2
2015/10/14, 41, 14, 8, 1, 1
2015/10/15, 55, 22, 8, , 1
2015/10/16, 30, 29, 9, 1, 2
2015/10/17, 37, 23, 5, , 2
2015/10/18, 25, 22, 4, , 3
2015/10/19, 47, 23, 11, , 4
2015/10/20, 72, 24, 16, 6, 2
2015/10/21, 64, 32, 23, 1, 1
2015/10/22, 64, 32, 16, 2, 1
2015/10/23, 49, 29, 10, , 1
2015/10/24, 37, 26, 8, , 1
2015/10/25, 43, 21, 2, , 1
2015/10/26, 28, 16, 11, , 2
2015/10/27, 29, 19, 15, , 3
2015/10/28, 34, 22, 5, , 1
2015/10/29, 24, 24, 8, 1, 1
2015/10/30, 49, 17, 7, , 1
2015/10/31, 36, 19, 13, , 2
2015/11/1, 46, 22, 8, 1, 1
2015/11/2, 42, 8, 25, , 6
2015/11/3, 67, 15, 28, 1, 9
2015/11/4, 73, 33, 20, , 6
2015/11/5, 51, 9, 21, , 2
2015/11/6, 71, 12, 11, , 2
2015/11/7, 38, 19, 9, , 1
2015/11/8, 46, 26, 10, , 6
2015/11/9, 29, 16, 21, , 6
2015/11/10, 58, 22, 9, , 1
2015/11/11, 18, 20, 5, , 1
2015/11/12, 33, 17, 13, , 2
2015/11/13, 43, 23, 7, 9, 2
2015/11/14, 73, 27, 6, , 2
2015/11/25, 61, 20, 22, , 7
2015/11/26, 61, 22, 23, , 6
2015/11/27, 61, 21, 18, 1, 5
2015/11/28, 45, 10, 17, 1, 3
2015/11/29, 48, 12, 7, , 2
2015/11/30, 28, 13, 17, , 2
2015/12/1, 76, 20, 14, , 2
2015/12/2, 19, 8, 11, , 2
2015/12/3, 32, 18, 3, , 2
2015/12/4, 42, 15, 16, , 3
2015/12/5, 79, 12, 21, , 7
2015/12/6, 66, 10, 20, 2, 11
2015/12/7, 116, 12, 27, 1, 5
2015/12/8, 108, 13, 19, , 6
2015/12/9, 65, 26, 21, , 9
2015/12/10, 73, 13, 26, , 5
2015/12/11, 74, 8, 29, 1, 4
2015/12/12, 76, 15, 18, , 4
2015/12/13, 70, 8, 24, 1, 5
2015/12/14, 76, 19, 10, , 3
2015/12/15, 48, 18, 5, , 2
2015/12/16, 36, 14, 5, , 2
2015/12/17, 16, 5, 19, , 7
2015/12/18, 23, 18, 8, , 3
2015/12/19, 44, 20, 9, 2, 4
2015/12/20, 92, 19, 13, , 5
2015/12/21, 74, 20, 16, , 4
2015/12/22, 35, 14, 11, , 5
2015/12/23, 28, 14, 8, , 6
2015/12/24, 25, 14, 7, , 2
2015/12/25, 15, 10, 10, , 1
2015/12/26, 22, 22, 4, , 1
2015/12/27, 21, 13, 6, , 2
2015/12/28, 24, 23, 5, , 1
2015/12/29, 29, 24, 15, , 1
2015/12/30, 18, 9, 11, , 1
2015/12/31, 27, 20, 11, , 
2016/1/1, 31, , , , 
2015/7/2, 83, 56, 8, , 2
2015/7/3, 65, 29, 14, , 3
2015/7/4, 57, 50, 9, , 3
2015/7/5, 54, 42, 4, , 3
2015/7/6, 74, 73, 7, , 2
2015/7/7, 43, 55, 6, , 1
2015/7/8, 59, 29, 10, 2, 1
2015/7/9, 76, 38, 8, , 2
2015/7/10, 43, 41, 5, , 2
2015/7/11, 41, 54, 5, , 2
2015/7/12, 55, 70, 7, , 3
2015/7/13, 64, 48, 11, , 2
2015/7/14, 51, 34, 5, , 1
2015/7/15, 40, 27, 9, , 1
2015/7/16, 37, 56, 5, , 2
2015/7/17, 35, 53, 6, , 2
2015/7/18, 34, 42, 2, , 1
2015/7/19, 33, 64, 6, 1, 2
2015/7/20, 67, 48, 8, , 1
2015/7/21, 63, 55, 15, 1, 2
2015/7/22, 65, 36, 6, , 1
2015/7/23, 41, 42, 8, , 3
2015/7/24, 31, 50, 8, , 2
2015/7/25, 37, 59, 8, , 3
2015/7/26, 49, 46, 3, , 
2015/7/27, 41, 41, 7, , 
2015/7/28, 38, 76, 11, 1, 2
2015/7/29, 54, 49, 10, , 2
2015/7/30, 64, 31, 7, , 
2015/7/31, 42, 38, 8, 1, 2
2015/8/1, 42, 46, 8, 16, 2
2015/8/2, 55, 44, 5, 2, 2
2015/8/3, 39, 43, 8, , 2
2015/8/4, 50, 40, 10, , 2
2015/8/5, 58, 49, 12, , 2
2015/8/6, 59, 46, 7, , 2
2015/8/7, 38, 44, 5, , 2
2015/8/8, 30, 40, 5, , 2
2015/8/9, 32, 47, 5, , 3
2015/8/10, 36, 25, 5, , 1
2015/8/11, 24, 29, 7, , 
2015/8/12, 27, 32, 8, , 1
2015/8/13, 38, 40, 5, , 
2015/8/14, 29, 47, 13, 1, 2
2015/8/15, 37, 67, 8, 1, 1
2015/8/16, 48, 54, 8, , 1
2015/8/17, 49, 48, 10, 2, 1
2015/8/18, 57, 41, 6, , 
2015/8/19, 36, 36, 2, , 
2015/8/20, 32, 22, 2, , 
2015/8/21, 17, 46, 4, , 
2015/8/22, 35, 44, 3, , 2
2015/8/23, 24, 74, 6, , 2
2015/8/24, 40, 47, 13, , 3
2015/8/25, 54, 51, 7, , 1
2015/8/26, 51, 40, 6, , 1
2015/8/27, 53, 31, 5, , 2
2015/8/28, 30, 40, 5, , 2
2015/8/29, 27, 48, 8, 1, 3
2015/8/30, 53, 51, 2, , 
2015/8/31, 43, 56, 6, 1, 2
2015/9/1, 64, 70, 4, , 2
2015/9/2, 75, 70, 7, , 3
2015/9/3, 87, 53, , 2, 2
2015/9/4, 97, 50, , , 3
2015/9/5, 84, 34, , , 1
2015/9/6, 45, 40, , , 1
2015/9/7, 26, 50, , 1, 2
2015/9/8, 35, 37, 10, 1, 2
2015/9/9, 38, 32, 14, 2, 1
2015/9/10, 35, 24, 18, , 2
2015/9/11, 35, 32, 11, , 3
2015/9/12, 17, 34, 11, , 2
2015/9/13, 26, 17, 10, , 
2015/9/14, 44, 29, 16, 1, 2
2015/9/15, 57, 50, 21, , 2
2015/9/16, 46, 69, 25, , 1
2015/9/17, 63, 71, 24, , 2
2015/9/18, 65, 57, 20, , 2
2015/9/19, 66, 41, 9, , 
2015/9/20, 48, 27, 3, , 
2015/9/21, 25, 27, 8, , 
2015/9/22, 23, 22, 11, , 
2015/9/23, 24, 39, 14, , 1
2015/9/24, 22, 38, 19, , 2
2015/9/25, 40, 24, 8, , 1
2015/9/26, 23, 26, 7, , 
2015/9/27, 27, 24, 6, , 1
2015/9/28, 27, 26, 6, , 1
2015/9/29, 21, 18, 10, , 1
2015/9/30, 23, 20, 7, , 1
2015/10/1, 17, 14, 10, , 1
2015/4/3, 59, 41, 22, , 3
2015/4/4, 37, 32, 12, , 1
2015/4/5, 59, 33, 6, 1, 1
2015/4/6, 50, 38, 7, 1, 2
2015/4/7, 63, 39, 17, , 2
2015/4/9, 22, 29, 7, , 1
2015/4/10, 15, 31, 8, , 1
2015/4/11, 20, 26, 13, , 2
2015/4/12, 34, 39, 9, , 2
2015/4/13, 37, 43, 11, , 3
2015/4/14, 40, 41, 13, , 2
2015/4/15, 29, 28, 16, , 2
2015/4/16, 29, 40, 16, , 2
2015/4/17, 24, 41, 8, , 2
2015/4/18, 31, 30, 15, , 2
2015/4/19, 58, 47, 20, , 3
2015/4/20, 25, 39, 2, , 1
2015/4/21, 29, 31, 8, , 1
2015/4/22, 54, 32, 14, , 1
2015/4/23, 38, 35, 8, , 2
2015/4/24, 39, 28, 8, , 
2015/4/25, 20, 37, 4, , 2
2015/4/26, 30, 34, 6, , 2
2015/4/27, 34, 37, 5, , 2
2015/4/28, 19, 31, 6, , 2
2015/4/29, 16, 37, 5, , 
2015/4/30, 29, 42, 9, , 2
2015/5/1, 35, 34, 10, , 2
2015/5/2, 21, 31, 5, 1, 
2015/5/3, 35, 41, 11, 1, 2
2015/5/4, 38, 45, 7, , 2
2015/5/5, 54, 49, 14, 1, 2
2015/5/6, 62, 56, 14, , 2
2015/5/7, 51, 44, 11, , 2
2015/5/8, 52, 55, 11, , 2
2015/5/9, 61, 55, 15, , 3
2015/5/10, 40, 26, 5, , 2
2015/5/11, 36, 21, 3, , 1
2015/5/12, 63, 25, 4, , 
2015/5/13, 64, 44, 11, , 1
2015/5/14, 29, 30, 4, , 
2015/5/15, 25, 47, 6, , 2
2015/5/16, 36, 52, 10, , 1
2015/5/17, 41, 47, 7, , 2
2015/5/18, 59, 32, 10, , 1
2015/5/19, 63, 38, 14, , 2
2015/5/20, 57, 36, 12, , 2
2015/5/21, 38, 32, 5, , 1
2015/5/22, 33, 33, 12, 1, 2
2015/5/23, 52, 40, 11, , 2
2015/5/24, 30, 40, 5, , 
2015/5/25, 53, 54, 8, , 
2015/5/26, 54, 46, 8, , 
2015/5/27, 49, 42, 6, , 1
2015/5/28, 47, 32, 7, , 1
2015/5/29, 52, 46, 11, , 1
2015/5/30, 45, 51, 7, , 1
2015/5/31, 35, 28, 4, , 1
2015/6/1, 38, 31, 2, , 
2015/6/2, 32, 17, 6, , 1
2015/6/3, 15, 10, 11, , 2
2015/6/4, 17, 26, 5, , 1
2015/6/5, 19, 28, 3, , 1
2015/6/6, 17, 27, 7, , 1
2015/6/7, 34, 38, 6, , 1
2015/6/8, 33, 32, 4, , 1
2015/6/9, 25, 40, 7, , 1
2015/6/10, 45, 43, 8, , 1
2015/6/11, 55, 55, 9, , 2
2015/6/12, 82, 89, 9, , 2
2015/6/13, 69, 42, 11, , 1
2015/6/14, 42, 47, 4, , 1
2015/6/15, 40, 59, 7, , 
2015/6/16, 54, 30, 11, , 1
2015/6/17, 60, 33, 6, , 1
2015/6/18, 37, 32, 4, , 
2015/6/19, 29, 24, 3, , 1
2015/6/20, 47, 36, 9, , 1
2015/6/21, 51, 41, 5, , 1
2015/6/22, 41, 36, 2, , 
2015/6/23, 56, 47, 6, 4, 2
2015/6/24, 61, 45, 8, , 1
2015/6/25, 35, 47, 6, , 1
2015/6/26, 39, 43, 11, , 2
2015/6/27, 49, 60, 7, , 1
2015/6/28, 25, 33, 2, , 1
2015/6/29, 23, 33, 3, , 
2015/6/30, 50, 35, 8, , 1
2021/11/5, , 24, 16, 2, 8
2021/12/16, , 28, 12, 1, 1
2021/12/17, , 27, 11, 1, 1
2021/7/3, , 23, 3, , 2
2021/4/3, , 34, 3, 1, 2
2021/6/9, , 38, 10, , 5
2021/6/10, , 35, 5, , 4
2021/6/12, , 29, 2, , 4
2021/6/13, , 31, 2, , 4
2021/6/14, , 39, 5, , 4
2021/6/15, , 33, 4, , 3
2021/6/16, , 37, 4, , 2
2021/6/17, , 46, 5, , 3
2021/6/18, , 56, 14, , 4
2021/6/19, , 45, 5, 1, 5
2021/6/20, , 47, 4, , 4
2021/6/21, , 29, 4, , 4
2021/6/22, , 21, 6, , 2
2021/6/23, , 36, 3, , 1
2021/6/24, , 35, 7, , 1
2021/6/25, , 40, 5, , 2
2021/3/28, , 32, 3, , 3
2021/3/29, , 31, 4, , 2
2021/3/30, , 35, 16, , 4
2021/3/31, , 24, 11, , 4
2020/1/1, , 25, 6, , 2
2019/10/23, , 28, 8, , 1
2019/1/1, , 24, 6, , 3
2018/10/1, , 34, 10, 1, 2
2017/11/15, , 20, 15, , 3
2017/11/16, , 18, 13, 1, 2
2017/11/17, , 22, 10, , 2
2017/11/18, , 25, 16, , 3
2017/11/19, , 26, 2, , 1
2017/11/20, , 22, 11, , 2
2017/11/21, , 23, 12, 7, 1
2017/11/22, , 21, 11, 5, 1
2017/11/23, , 24, 6, , 2
2017/11/24, , 18, 19, 1, 3
2017/11/25, , 23, 21, 1, 2
2017/11/26, , 27, 6, 1, 1
2017/11/27, , 18, 21, , 2
2017/12/19, , 14, 17, 1, 2
2017/9/9, , 13, 3, , 1
2017/9/10, , 21, 4, , 2
2017/4/2, , 38, 5, 1, 1
2017/4/3, , 38, 5, 1, 1
2017/4/4, , 37, 18, 1, 3
2017/4/5, , 31, 9, 1, 1
2017/4/6, , 38, 6, , 
2017/4/7, , 32, 6, , 1
2017/4/14, , 39, 4, , 1
2017/4/15, , 42, 8, 1, 1
2017/4/16, , 37, 9, , 1
2017/4/17, , 42, 8, 1, 1
2017/4/18, , 34, 9, , 1
2017/4/19, , 36, 3, , 1
2017/4/20, , 33, 2, , 1
2017/4/21, , 37, 11, , 1
2017/4/22, , 29, 4, , 1
2017/4/23, , 22, 7, , 1
2017/4/24, , 28, 3, , 1
2017/4/25, , 28, 6, , 1
2017/4/26, , 27, 4, , 
2017/4/27, , 21, 9, , 1
2017/4/28, , 37, 7, , 1
2017/4/29, , 53, 13, 1, 1
2017/4/30, , 41, 8, 2, 1
2017/5/1, , 38, 2, , 1
2017/5/2, , 24, 4, , 1
2017/5/3, , 35, 8, 1, 
2017/5/4, , 36, 8, , 2
2017/5/5, , 38, 7, , 1
2017/5/6, , 33, 3, , 1
2017/5/7, , 30, 4, , 
2017/5/8, , 29, 5, , 
2017/5/9, , 34, 9, , 1
2017/5/10, , 43, 11, , 1
2017/5/11, , 47, 7, , 1
2017/3/14, , 29, 6, , 2
2017/3/15, , 34, 8, , 3
2017/3/16, , 30, 14, 1, 3
2017/3/17, , 32, 18, 1, 4
2017/3/18, , 32, 19, , 3
2017/3/19, , 45, 5, , 2
2017/3/20, , 41, 10, , 3
2017/3/21, , 30, 15, , 4
2017/3/22, , 36, 5, , 1
2017/3/23, , 30, 9, , 1
2017/3/24, , 36, 15, , 1
2017/3/25, , 28, 20, 1, 1
2017/3/26, , 28, 3, , 
2017/3/27, , 23, 16, , 1
2017/3/28, , 7, 17, , 1
2017/3/29, , 34, 8, , 2
2017/3/30, , 31, 7, , 1
2017/3/31, , 30, 7, , 1
2017/4/1, , 30, 4, , 1
2016/8/28, , 38, 2, , 1
2016/8/29, , 48, 5, , 1
2016/8/30, , 54, 4, , 1
2016/1/4, , 23, 3, , 2
2016/1/7, , 1, 45, 1, 8
2016/1/8, , 4, 30, , 4
2016/1/24, , 27, 8, , 1
2016/2/4, , 19, , , 1
2016/2/5, , 23, , , 1
2016/2/6, , 25, , , 2
2016/2/7, , 15, , , 2
2016/2/8, , 23, , , 1
2016/2/9, , 18, 8, , 1
2015/10/11, , 32, , , 3
2015/10/12, , 35, 15, 2, 2
2015/11/15, , 21, 15, 1, 3
2015/11/16, , 20, 32, 1, 6
2015/11/17, , 21, 15, 4, 4
2015/11/18, , 24, 11, , 1
2015/11/19, , 23, 2, , 1
2015/11/20, , 23, 8, , 1
2015/11/21, , 25, 9, , 1
2015/11/22, , 23, 3, , 1
2015/11/23, , 24, 5, , 2
2015/11/24, , 17, 24, 1, 4
2015/7/1, , 38, 2, , 1
2015/4/2, , 34, 11, , 5
2015/4/8, , 27, 14, , 1
2015/1/2, , 24, , , 3
2015/1/3, , 13, , , 5
2015/1/4, , 4, , , 6
2015/1/5, , 15, , , 4
2015/1/6, , 23, , , 4
2015/1/7, , 20, , , 4
2015/1/8, , 24, , , 5
2015/1/9, , 17, , , 5
2015/1/10, , 18, , , 5
2015/1/11, , 20, , , 6
2015/1/12, , 20, , , 6
2015/1/13, , 7, , , 3
2015/1/14, , 21, , , 1
2015/1/15, , 5, , , 3
2015/1/16, , 6, 18, 3, 2
2015/1/17, , 21, 18, 3, 2
2015/1/18, , 19, 9, 1, 2
2015/1/19, , 4, 23, , 4
2015/1/20, , 12, , , 2
2015/1/21, , 10, , , 3
2015/1/22, , 8, , , 3
2015/1/23, , 5, , , 3
2015/1/24, , 13, , , 5
2015/1/25, , 11, , , 3
2015/1/26, , 17, , , 2
2015/1/27, , 23, , , 3
2015/1/28, , 24, 6, , 2
2015/1/29, , 23, 10, , 3
2015/1/30, , 20, 19, , 4
2015/1/31, , 26, 11, , 3
2015/2/1, , 25, 7, 1, 3
2015/2/2, , 17, 18, 2, 3
2015/2/3, , 24, 18, , 5
2015/2/4, , 23, 13, 3, 4
2015/2/5, , 18, 21, , 3
2015/2/6, , 23, 12, 1, 4
2015/2/7, , 17, 20, 4, 6
2015/2/8, , 20, 22, 2, 6
2015/2/9, , 14, 20, , 6
2015/2/10, , 12, 16, , 2
2015/2/11, , 23, 10, , 1
2015/2/12, , 22, 12, , 2
2015/2/13, , 22, 13, , 1
2015/2/14, , 23, 9, , 2
2015/2/15, , 20, 15, , 2
2015/2/16, , 24, 3, , 1
2015/2/17, , 21, 13, , 3
2015/2/18, , 17, 24, , 3
2015/2/19, , 24, 24, 4, 4
2015/2/20, , 23, 9, 8, 2
2015/2/21, , 21, 11, 2, 3
2015/2/22, , 22, 19, 1, 3
2015/2/23, , 18, 22, , 4
2015/2/24, , 26, 8, 1, 2
2015/2/25, , 21, 13, , 4
2015/2/26, , 21, 29, 2, 4
2015/2/27, , 23, 21, , 4
2015/2/28, , 24, 15, 2, 4
2015/3/1, , 28, 10, , 3
2015/3/2, , 22, 19, , 3
2015/3/3, , 29, 20, 7, 3
2015/3/4, , 25, 12, , 2
2015/3/5, , 11, 25, , 5
2015/3/6, , 23, 11, , 3
2015/3/7, , 19, 14, , 2
2015/3/8, , 29, 23, , 2
2015/3/9, , 34, 23, , 2
2015/3/10, , 24, 38, 2, 4
2015/3/11, , 25, 30, , 6
2015/3/12, , 29, 22, , 2
2015/3/13, , 29, 7, , 1
2015/3/14, , 27, 11, , 1
2015/3/15, , 14, 25, , 2
2015/3/16, , 27, 8, , 1
2015/3/17, , 19, 24, , 1
2015/3/18, , 29, 19, , 2
2015/3/19, , 32, 8, 1, 1
2015/3/20, , 32, 21, , 3
2015/3/21, , 25, 21, , 2
2015/3/22, , 28, 15, , 2
2015/3/23, , 33, 7, , 2
2015/3/24, , 30, 7, , 2
2015/3/25, , 26, 18, , 3
2015/3/26, , 22, 28, , 5
2015/3/27, , 21, 23, , 3
2015/3/28, , 24, 11, , 1
2015/3/29, , 32, 4, 1, 1
2015/3/30, , 33, 6, , 
2015/3/31, , 27, 12, , 1
2015/4/1, , 24, 21, , 2
2014/10/2, , 24, , , 2
2014/10/3, , 16, , , 2
2014/10/4, , 24, , , 1
2014/10/5, , 22, , , 3
2014/10/6, , 21, , , 3
2014/10/7, , 27, , , 1
2014/10/8, , 27, , , 1
2014/10/9, , 29, , , 1
2014/10/10, , 24, , , 1
2014/10/11, , 15, , , 1
2014/10/12, , 13, , , 1
2014/10/13, , 23, , , 1
2014/10/14, , 18, , , 
2014/10/15, , 24, , , 
2014/10/16, , 20, , , 
2014/10/17, , 24, , , 
2014/10/18, , 24, , , 2
2014/10/19, , 21, , , 1
2014/10/20, , 23, , , 2
2014/10/21, , 23, , , 2
2014/10/22, , 21, , , 1
2014/10/23, , 15, , , 1
2014/10/24, , 18, , , 1
2014/10/25, , 24, , , 2
2014/10/26, , 31, , , 1
2014/10/27, , 28, , , 1
2014/10/28, , 24, , , 2
2014/10/29, , 23, , , 2
2014/10/30, , 18, , , 2
2014/10/31, , 12, , , 4
2014/11/1, , 8, , , 2
2014/11/2, , 18, , , 3
2014/11/3, , 26, , , 4
2014/11/4, , 18, , , 3
2014/11/5, , 18, , , 3
2014/11/6, , 16, , , 3
2014/11/7, , 11, , , 2
2014/11/8, , 20, , , 3
2014/11/9, , 20, , , 6
2014/11/10, , 16, , , 8
2014/11/11, , 15, , , 2
2014/11/12, , 17, , , 2
2014/11/13, , 12, , , 3
2014/11/14, , 14, , , 3
2014/11/15, , 16, , , 2
2014/11/16, , 27, , , 3
2014/11/17, , 22, , , 3
2014/11/18, , 15, , , 2
2014/11/19, , 21, , , 2
2014/11/20, , 23, , , 2
2014/11/21, , 19, , , 3
2014/11/22, , 19, , , 3
2014/11/23, , 22, , , 3
2014/11/24, , 24, , , 1
2014/11/25, , 21, , , 1
2014/11/26, , 13, , , 
2014/11/29, , 19, , , 5
2014/11/30, , 18, , , 2
2014/12/1, , 22, , , 3
2014/12/2, , 18, , , 4
2014/12/3, , 18, , , 3
2014/12/4, , 17, , , 4
2014/12/5, , 13, , , 6
2014/12/6, , 6, , , 5
2014/12/7, , 12, , , 3
2014/12/8, , 23, , , 4
2014/12/9, , 18, , , 4
2014/12/10, , 19, , , 
2014/12/11, , 20, , , 2
2014/12/12, , 12, , , 
2014/12/13, , 23, , , 1
2014/12/14, , 19, , , 1
2014/12/15, , 13, , , 2
2014/12/16, , 11, , , 3
2014/12/17, , 9, , , 2
2014/12/18, , 15, , , 2
2014/12/19, , 11, , , 1
2014/12/20, , 22, , , 2
2014/12/21, , 19, , , 3
2014/12/22, , 20, , , 5
2014/12/23, , 6, , , 2
2014/12/24, , 14, , , 2
2014/12/25, , 15, , , 2
2014/12/26, , 19, , , 3
2014/12/27, , 12, , , 3
2014/12/28, , 9, , , 3
2014/12/29, , 11, , , 
2014/7/2, , 37, , , 
2014/7/3, , 40, , , 
2014/7/4, , 37, , , 1
2014/7/5, , 24, , , 2
2014/7/6, , 28, , , 1
2014/7/7, , 38, , , 
2014/7/8, , 48, , , 1
2014/7/9, , 48, , , 1
2014/7/10, , 39, , , 
2014/7/11, , 41, , , 1
2014/7/12, , 57, , , 1
2014/7/13, , 49, , , 
2014/7/14, , 34, , , 1
2014/7/15, , 37, , , 1
2014/7/16, , 35, , , 
2014/7/17, , 38, , , 
2014/7/18, , 35, , , 1
2014/7/19, , 41, , , 1
2014/7/20, , 40, , , 
2014/7/21, , 36, , , 1
2014/7/22, , 45, , , 1
2014/7/23, , 40, , , 1
2014/7/24, , 32, , , 1
2014/7/25, , 31, , , 1
2014/7/26, , 50, , , 
2014/7/27, , 32, , , 1
2014/7/28, , 38, , , 1
2014/7/29, , 33, , , 1
2014/7/30, , 25, , , 1
2014/7/31, , 30, , , 
2014/8/1, , 45, , , 3
2014/8/2, , 33, , , 2
2014/8/3, , 36, , , 1
2014/8/4, , 30, , , 1
2014/8/5, , 42, , , 2
2014/8/6, , 57, , , 2
2014/8/7, , 34, , , 2
2014/8/8, , 31, , , 2
2014/8/9, , 30, , , 2
2014/8/10, , 36, , , 2
2014/8/11, , 44, , , 2
2014/8/12, , 33, , , 2
2014/8/13, , 28, , , 1
2014/8/14, , 30, , , 2
2014/8/15, , 37, , , 2
2014/8/16, , 33, , , 3
2014/8/17, , 48, , , 
2014/8/18, , 18, , , 2
2014/8/19, , 32, , , 2
2014/8/20, , 42, , , 
2014/8/21, , 45, , , 2
2014/8/22, , 35, , , 2
2014/8/23, , 28, , , 1
2014/8/24, , 15, , , 1
2014/8/25, , 29, , , 3
2014/8/26, , 35, , , 3
2014/8/27, , 47, , , 2
2014/8/28, , 66, , , 1
2014/8/29, , 31, , , 1
2014/8/30, , 35, , , 1
2014/8/31, , 34, , , 1
2014/9/1, , 28, , , 1
2014/9/2, , 30, , , 1
2014/9/3, , 36, , , 2
2014/9/4, , 39, , , 2
2014/9/5, , 47, , , 1
2014/9/6, , 34, , , 
2014/9/7, , 40, , , 1
2014/9/8, , 27, , , 1
2014/9/9, , 22, , , 1
2014/9/10, , 21, , , 1
2014/9/11, , 31, , , 1
2014/9/12, , 33, , , 1
2014/9/13, , 31, , , 1
2014/9/14, , 17, , , 1
2014/9/15, , 23, , , 2
2014/9/16, , 28, , , 2
2014/9/17, , 33, , , 2
2014/9/18, , 33, , , 3
2014/9/19, , 33, , , 1
2014/9/20, , 25, , , 2
2014/9/21, , 32, , , 2
2014/9/22, , 31, , , 1
2014/9/23, , 20, , , 2
2014/9/24, , 21, , , 2
2014/9/25, , 25, , , 1
2014/9/26, , 17, , , 6
2014/9/27, , 32, , , 3
2014/9/28, , 38, , , 3
2014/9/29, , 47, , , 3
2014/9/30, , 17, , , 2
2014/10/1, , 32, , , 2
2014/4/2, , 28, , , 5
2014/4/3, , 20, , , 3
2014/4/4, , 30, , , 
2014/4/5, , 33, , , 3
2014/4/6, , 32, , , 
2014/4/7, , 35, , , 4
2014/4/8, , 29, , , 3
2014/4/9, , 33, , , 3
2014/4/10, , 39, , , 3
2014/4/11, , 40, , , 3
2014/4/12, , 40, , , 2
2014/4/13, , 44, , , 2
2014/4/14, , 41, , , 1
2014/4/15, , 31, , , 3
2014/4/16, , 26, , , 4
2014/4/17, , 32, , , 3
2014/4/18, , 34, , , 
2014/4/19, , 32, , , 1
2014/4/20, , 41, , , 2
2014/4/21, , 36, , , 1
2014/4/22, , 36, , , 1
2014/4/23, , 36, , , 
2014/4/24, , 35, , , 
2014/4/25, , 39, , , 2
2014/4/26, , 41, , , 
2014/4/27, , 38, , , 
2014/4/28, , 34, , , 1
2014/4/29, , 30, , , 
2014/4/30, , 28, , , 1
2014/5/1, , 26, , , 1
2014/5/2, , 39, , , 1
2014/5/3, , 33, , , 1
2014/5/4, , 38, , , 
2014/5/5, , 35, , , 
2014/5/6, , 35, , , 1
2014/5/7, , 39, , , 
2014/5/8, , 30, , , 1
2014/5/9, , 33, , , 
2014/5/10, , 35, , , 
2014/5/11, , 33, , , 
2014/5/12, , 43, , , 2
2014/5/13, , 42, , , 2
2014/5/14, , 34, , , 1
2014/5/15, , 22, , , 
2014/5/16, , 24, , , 1
2014/5/17, , 22, , , 
2014/5/20, , 41, , , 2
2014/5/21, , 41, , , 2
2014/5/22, , 31, , , 2
2014/5/23, , 29, , , 1
2014/5/24, , 35, , , 1
2014/5/25, , 28, , , 1
2014/5/26, , 39, , , 2
2014/5/27, , 47, , , 2
2014/5/28, , 43, , , 1
2014/5/29, , 16, , , 1
2014/5/30, , 18, , , 2
2014/5/31, , 31, , , 1
2014/6/1, , 25, , , 1
2014/6/2, , 29, , , 1
2014/6/3, , 40, , , 2
2014/6/4, , 41, , , 2
2014/6/5, , 51, , , 
2014/6/6, , 36, , , 3
2014/6/7, , 22, , , 2
2014/6/8, , 33, , , 2
2014/6/9, , 43, , , 2
2014/6/10, , 30, , , 1
2014/6/11, , 34, , , 1
2014/6/12, , 19, , , 2
2014/6/13, , 15, , , 1
2014/6/14, , 28, , , 1
2014/6/15, , 34, , , 1
2014/6/16, , 32, , , 2
2014/6/17, , 65, , , 3
2014/6/18, , 50, , , 1
2014/6/19, , 44, , , 2
2014/6/20, , 28, , , 2
2014/6/21, , 39, , , 2
2014/6/22, , 48, , , 2
2014/6/23, , 39, , , 2
2014/6/24, , 37, , , 2
2014/6/25, , 36, , , 1
2014/6/26, , 28, , , 2
2014/6/27, , 31, , , 1
2014/6/28, , 31, , , 1
2014/6/29, , 58, , , 1
2014/6/30, , 40, , , 
2014/7/1, , 36, , , 
2014/1/2, , 16, , , 3
2014/1/3, , 12, , , 3
2014/1/4, , 25, , , 5
2014/1/5, , 26, , , 6
2014/1/6, , 8, , , 1
2014/1/7, , 24, , , 3
2014/1/8, , 21, , , 3
2014/1/9, , 9, , , 4
2014/1/10, , 14, , , 7
2014/1/11, , , , , 3
2014/1/12, , 20, , , 2
2014/1/13, , 18, , , 5
2014/1/14, , 19, , , 3
2014/1/15, , 12, , , 3
2014/1/16, , 12, , , 3
2014/1/17, , 14, , , 5
2014/1/18, , 13, , , 3
2014/1/19, , 18, , , 3
2014/1/20, , 15, , , 3
2014/1/21, , 23, , , 4
2014/1/22, , 22, , , 4
2014/1/23, , 25, , , 5
2014/1/24, , 17, , , 5
2014/1/25, , 22, , , 5
2014/1/26, , 22, , , 5
2014/1/27, , 25, , , 6
2014/1/28, , 25, , , 3
2014/1/29, , 25, , , 2
2014/1/30, , 17, , , 3
2014/1/31, , 18, , , 4
2014/2/1, , 10, , , 5
2014/2/2, , 21, , , 5
2014/2/3, , 13, , , 2
2014/2/4, , 17, , , 3
2014/2/5, , 14, , , 3
2014/2/6, , 7, , , 2
2014/2/7, , 24, , , 3
2014/2/8, , 21, , , 3
2014/2/9, , 19, , , 3
2014/2/10, , 20, , , 3
2014/2/11, , 29, , , 4
2014/2/12, , 27, , , 4
2014/2/13, , 15, , , 3
2014/2/14, , 25, , , 5
2014/2/15, , 25, , , 5
2014/2/16, , 34, , , 3
2014/2/17, , 29, , , 6
2014/2/18, , 26, , , 6
2014/2/19, , 19, , , 7
2014/2/20, , 16, , , 5
2014/2/21, , 24, , , 3
2014/2/22, , 8, , , 3
2014/2/23, , 24, , , 1
2014/2/24, , 31, , , 2
2014/2/25, , 27, , , 3
2014/2/26, , 24, , , 3
2014/2/27, , 23, , , 4
2014/2/28, , 25, , , 4
2014/3/1, , 23, , , 4
2014/3/2, , 23, , , 4
2014/3/3, , 19, , , 4
2014/3/4, , 25, , , 4
2014/3/5, , 19, , , 8
2014/3/6, , 26, , , 3
2014/3/7, , 24, , , 2
2014/3/8, , 15, , , 2
2014/3/9, , 30, , , 1
2014/3/10, , 36, , , 1
2014/3/11, , 23, , , 3
2014/3/12, , 23, , , 2
2014/3/13, , 29, , , 2
2014/3/14, , 28, , , 2
2014/3/15, , 28, , , 1
2014/3/16, , 33, , , 
2014/3/17, , 31, , , 3
2014/3/18, , 21, , , 2
2014/3/19, , 28, , , 2
2014/3/20, , 25, , , 2
2014/3/21, , 26, , , 3
2014/3/22, , 24, , , 2
2014/3/23, , 30, , , 2
2014/3/24, , 32, , , 4
2014/3/25, , 25, , , 5
2014/3/26, , 27, , , 3
2014/3/27, , 30, , , 3
2014/3/28, , 29, , , 3
2014/3/29, , 30, , , 4
2014/3/30, , 19, , , 3
2014/3/31, , 28, , , 
2014/4/1, , 35, , , 3
2014/11/28, , , , , 3
2014/5/19, , , , , 2
2014/1/1, , , , , 6
2016/1/3, , , , , 1