date, pm25, o3
2022/2/2, 61, 
2022/2/3, 36, 
2022/2/4, 14, 
2022/2/5, 34, 
2022/2/6, 52, 
2022/2/7, 47, 
2022/1/4, 40, 
2022/1/5, 31, 
2022/1/6, 34, 
2022/1/7, 21, 
2022/1/8, 41, 
2022/1/9, 29, 
2022/1/10, 34, 
2022/1/11, 21, 
2022/1/12, 31, 
2022/1/13, 34, 
2022/1/14, 52, 
2022/1/15, 30, 
2022/1/16, 20, 
2022/1/17, 42, 
2022/1/18, 41, 
2022/1/19, 35, 
2022/1/20, 30, 
2022/1/21, 26, 
2022/1/22, 38, 
2022/1/23, 32, 
2022/1/24, 19, 
2022/1/25, 28, 
2022/1/26, 29, 
2022/1/27, 42, 
2022/1/28, 31, 
2022/1/29, 29, 
2022/1/30, 35, 
2022/1/31, 51, 
2022/2/1, 74, 
2021/10/2, 52, 30
2021/10/3, 37, 28
2021/10/4, 38, 26
2021/10/5, 33, 19
2021/10/6, 34, 22
2021/10/7, 54, 18
2021/10/8, 41, 32
2021/10/9, 36, 39
2021/10/10, 40, 39
2021/10/11, 59, 29
2021/10/12, 50, 17
2021/10/13, 31, 27
2021/10/14, 48, 16
2021/10/15, 31, 15
2021/10/16, 33, 26
2021/10/17, 24, 31
2021/10/18, 28, 30
2021/10/19, 35, 35
2021/10/20, 35, 33
2021/10/21, 39, 17
2021/10/22, 22, 20
2021/10/23, 26, 24
2021/10/24, 33, 26
2021/10/25, 36, 24
2021/10/26, 20, 16
2021/10/27, 24, 17
2021/10/28, 27, 12
2021/10/29, 34, 17
2021/10/30, 29, 27
2021/10/31, 30, 18
2021/11/1, 36, 19
2021/11/2, 21, 20
2021/11/3, 19, 19
2021/11/4, 30, 18
2021/11/5, 35, 25
2021/11/6, 37, 31
2021/11/7, 43, 32
2021/11/8, 46, 23
2021/11/9, 53, 
2021/11/10, 58, 
2021/11/11, 56, 
2021/11/12, 42, 
2021/11/13, 15, 
2021/11/14, 18, 
2021/11/15, 17, 
2021/11/16, 20, 
2021/11/17, 41, 
2021/11/18, 48, 
2021/11/19, 17, 
2021/11/20, 16, 
2021/11/21, 50, 
2021/11/22, 47, 
2021/11/23, 16, 
2021/11/24, 20, 
2021/11/25, 29, 
2021/11/26, 30, 
2021/11/27, 16, 
2021/11/28, 25, 
2021/11/29, 30, 
2021/11/30, 21, 
2021/12/1, 36, 
2021/12/2, 42, 
2021/12/3, 28, 
2021/12/4, 34, 
2021/12/5, 33, 
2021/12/7, 16, 
2021/12/8, 12, 
2021/12/9, 37, 
2021/12/10, 47, 
2021/12/11, 56, 
2021/12/12, 21, 
2021/12/13, 15, 
2021/12/14, 15, 
2021/12/16, 46, 
2021/12/17, 43, 
2021/12/18, 25, 
2021/12/19, 32, 
2021/12/20, 29, 
2021/12/21, 37, 
2021/12/22, 46, 
2021/12/23, 26, 
2021/12/24, 28, 
2021/12/25, 42, 
2021/12/26, 37, 
2021/12/27, 41, 
2021/12/28, 38, 
2021/12/29, 25, 
2021/12/30, 29, 
2021/12/31, 33, 
2022/1/1, 51, 
2022/1/2, 25, 
2022/1/3, 23, 
2021/7/2, 35, 18
2021/7/3, 24, 36
2021/7/4, 44, 41
2021/7/5, 77, 36
2021/7/6, 65, 44
2021/7/7, 60, 43
2021/7/8, 57, 13
2021/7/9, 32, 23
2021/7/10, 29, 26
2021/7/11, 39, 26
2021/7/12, 45, 26
2021/7/13, 49, 30
2021/7/14, 47, 32
2021/7/15, 43, 37
2021/7/16, 40, 34
2021/7/17, 44, 32
2021/7/18, 49, 36
2021/7/19, 45, 36
2021/7/20, 51, 57
2021/7/21, 67, 27
2021/7/22, 70, 47
2021/7/23, 76, 46
2021/7/24, 86, 41
2021/7/25, 76, 48
2021/7/26, 59, 43
2021/7/27, 58, 51
2021/7/28, 51, 45
2021/7/29, 60, 43
2021/7/30, 59, 23
2021/7/31, 34, 39
2021/8/1, 45, 31
2021/8/2, 73, 31
2021/8/3, 48, 53
2021/8/4, 52, 43
2021/8/5, 63, 46
2021/8/6, 51, 39
2021/8/7, 55, 41
2021/8/8, 58, 35
2021/8/9, 62, 27
2021/8/10, 43, 33
2021/8/11, 54, 38
2021/8/12, 42, 30
2021/8/13, 43, 32
2021/8/14, 35, 39
2021/8/15, 35, 44
2021/8/16, 47, 45
2021/8/17, 41, 46
2021/8/18, 52, 41
2021/8/19, 52, 35
2021/8/20, 54, 46
2021/8/21, 61, 35
2021/8/22, 51, 36
2021/8/23, 36, 44
2021/8/24, 42, 36
2021/8/25, 48, 74
2021/8/26, 37, 49
2021/8/27, 38, 49
2021/8/28, 50, 35
2021/8/29, 53, 30
2021/8/30, 50, 56
2021/8/31, 42, 46
2021/9/1, 39, 32
2021/9/2, 30, 33
2021/9/3, 34, 31
2021/9/4, 39, 31
2021/9/5, 46, 41
2021/9/6, 32, 41
2021/9/7, 33, 38
2021/9/8, 45, 31
2021/9/9, 29, 31
2021/9/10, 31, 34
2021/9/15, 39, 31
2021/9/16, 29, 47
2021/9/17, 33, 60
2021/9/18, 44, 39
2021/9/19, 27, 56
2021/9/21, 26, 25
2021/9/22, 25, 21
2021/9/23, 19, 21
2021/9/24, 24, 41
2021/9/25, 26, 31
2021/9/26, 23, 40
2021/9/27, 23, 55
2021/9/28, 44, 30
2021/9/29, 37, 44
2021/9/30, 43, 37
2021/10/1, 48, 55
2021/4/2, 22, 33
2021/4/3, 27, 43
2021/4/4, 55, 48
2021/4/5, 75, 38
2021/4/6, 59, 37
2021/4/7, 52, 31
2021/4/8, 43, 22
2021/4/9, 28, 25
2021/4/10, 22, 26
2021/4/11, 42, 20
2021/4/12, 19, 33
2021/4/13, 19, 32
2021/4/14, 20, 23
2021/4/15, 21, 25
2021/4/16, 22, 23
2021/4/17, 25, 29
2021/4/18, 24, 38
2021/4/19, 42, 23
2021/4/20, 30, 31
2021/4/21, 11, 32
2021/4/22, 37, 39
2021/4/23, 42, 39
2021/4/24, 34, 31
2021/4/25, 51, 30
2021/4/26, 18, 41
2021/4/27, 25, 44
2021/4/28, 41, 24
2021/4/29, 39, 23
2021/4/30, 38, 26
2021/5/1, 24, 44
2021/5/2, 29, 36
2021/5/3, 32, 23
2021/5/4, 37, 15
2021/5/5, 22, 23
2021/5/6, 23, 26
2021/5/7, 25, 31
2021/5/8, 30, 27
2021/5/9, 19, 30
2021/5/10, 20, 27
2021/5/11, 21, 26
2021/5/12, 18, 27
2021/5/13, 27, 35
2021/5/14, 31, 40
2021/5/15, 35, 29
2021/5/16, 43, 43
2021/5/17, 43, 36
2021/5/18, 48, 35
2021/5/19, 51, 30
2021/5/20, 48, 36
2021/5/21, 42, 38
2021/5/22, 42, 48
2021/5/23, 47, 31
2021/5/24, 36, 48
2021/5/25, 47, 36
2021/5/26, 43, 38
2021/5/27, 30, 27
2021/5/28, 26, 30
2021/5/29, 20, 33
2021/5/30, 22, 39
2021/5/31, 39, 43
2021/6/1, 44, 50
2021/6/2, 46, 49
2021/6/3, 50, 64
2021/6/4, 50, 56
2021/6/5, 35, 49
2021/6/6, 40, 43
2021/6/7, 40, 11
2021/6/8, 35, 44
2021/6/9, 38, 42
2021/6/10, 38, 42
2021/6/11, 43, 54
2021/6/12, 41, 45
2021/6/13, 54, 43
2021/6/14, 40, 44
2021/6/15, 33, 23
2021/6/16, 36, 30
2021/6/17, 26, 50
2021/6/18, 30, 64
2021/6/19, 48, 52
2021/6/20, 44, 40
2021/6/21, 53, 28
2021/6/22, 21, 36
2021/6/23, 18, 40
2021/6/24, 23, 31
2021/6/25, 34, 27
2021/6/26, 49, 23
2021/7/1, 37, 25
2021/1/5, 39, 
2021/1/6, 49, 
2021/1/7, 67, 
2021/1/8, 19, 
2021/1/9, 18, 
2021/1/10, 33, 
2021/1/11, 58, 
2021/1/12, 48, 
2021/1/13, 48, 
2021/1/14, 44, 
2021/1/15, 41, 
2021/1/16, 22, 
2021/1/17, 28, 
2021/1/18, 26, 
2021/1/19, 29, 
2021/1/20, 38, 
2021/1/21, 22, 
2021/1/22, 14, 
2021/1/23, 24, 
2021/1/24, 37, 
2021/1/25, 46, 
2021/1/26, 52, 
2021/1/27, 23, 
2021/1/28, 27, 
2021/1/29, 33, 
2021/1/30, 50, 
2021/1/31, 37, 
2021/2/1, 37, 
2021/2/2, 30, 
2021/2/3, 39, 
2021/2/4, 46, 
2021/2/5, 39, 
2021/2/6, 26, 
2021/2/7, 25, 
2021/2/8, 28, 
2021/2/9, 57, 
2021/2/10, 46, 
2021/2/11, 51, 
2021/2/12, 21, 
2021/2/13, 42, 
2021/2/14, 42, 
2021/2/15, 38, 
2021/2/16, 28, 
2021/2/17, 33, 
2021/2/18, 56, 
2021/2/19, 53, 
2021/2/20, 72, 
2021/2/21, 79, 
2021/2/22, 56, 
2021/2/23, 53, 
2021/2/24, 29, 
2021/2/25, 36, 
2021/2/26, 40, 
2021/2/27, 44, 
2021/2/28, 55, 24
2021/3/1, 45, 27
2021/3/2, 29, 27
2021/3/3, 36, 23
2021/3/4, 45, 28
2021/3/5, 26, 26
2021/3/6, 35, 27
2021/3/7, 42, 33
2021/3/8, 37, 37
2021/3/9, 55, 41
2021/3/10, 63, 34
2021/3/11, 51, 27
2021/3/12, 26, 24
2021/3/13, 41, 33
2021/3/14, 47, 32
2021/3/15, 42, 25
2021/3/16, 28, 28
2021/3/17, 44, 23
2021/3/18, 59, 28
2021/3/19, 50, 29
2021/3/20, 32, 34
2021/3/21, 41, 39
2021/3/22, 44, 39
2021/3/23, 34, 28
2021/3/24, 47, 24
2021/3/25, 29, 21
2021/3/26, 29, 16
2021/3/27, 35, 32
2021/3/28, 48, 30
2021/3/29, 23, 35
2021/3/30, 32, 35
2021/3/31, 37, 27
2021/4/1, 23, 24
2020/10/2, 20, 23
2020/10/3, 14, 18
2020/10/4, 18, 22
2020/10/5, 19, 28
2020/10/6, 28, 30
2020/10/7, 22, 33
2020/10/8, 28, 23
2020/10/9, 40, 46
2020/10/10, 49, 26
2020/10/11, 48, 24
2020/10/12, 43, 16
2020/10/13, 34, 32
2020/10/14, 15, 36
2020/10/15, 22, 24
2020/10/16, 9, 23
2020/10/17, 12, 29
2020/10/18, 13, 25
2020/10/19, 17, 18
2020/10/20, 25, 20
2020/10/21, 25, 11
2020/10/22, 37, 23
2020/10/23, 34, 19
2020/10/24, 21, 23
2020/10/25, 6, 23
2020/10/26, 12, 15
2020/10/27, 10, 7
2020/10/28, 24, 16
2020/10/29, 25, 22
2020/10/30, 33, 23
2020/10/31, 14, 24
2020/11/1, 14, 20
2020/11/2, 7, 6
2020/11/3, 7, 
2020/11/4, 9, 
2020/11/5, 9, 
2020/11/6, 19, 
2020/11/7, 28, 
2020/11/8, 37, 
2020/11/9, 18, 
2020/11/10, 7, 
2020/11/11, 11, 
2020/11/18, 29, 
2020/11/19, 23, 
2020/11/20, 30, 
2020/11/21, 44, 
2020/11/22, 29, 
2020/11/23, 47, 
2020/11/24, 39, 
2020/11/25, 45, 
2020/11/26, 35, 
2020/11/27, 28, 
2020/11/28, 38, 
2020/11/29, 21, 
2020/11/30, 26, 
2020/12/1, 19, 
2020/12/2, 22, 
2020/12/3, 42, 
2020/12/4, 46, 
2020/12/5, 40, 
2020/12/6, 26, 
2020/12/7, 39, 
2020/12/8, 54, 
2020/12/9, 52, 
2020/12/10, 65, 
2020/12/11, 67, 
2020/12/12, 61, 
2020/12/13, 20, 
2020/12/14, 23, 
2020/12/15, 27, 
2020/12/16, 28, 
2020/12/17, 33, 
2020/12/18, 40, 
2020/12/19, 58, 
2020/12/20, 52, 
2020/12/21, 47, 
2020/12/22, 34, 
2020/12/23, 22, 
2020/12/24, 22, 
2020/12/25, 15, 
2020/12/26, 14, 
2020/12/27, 24, 
2020/12/28, 42, 
2020/12/29, 27, 
2020/12/30, 42, 
2020/12/31, 32, 
2021/1/1, 42, 
2021/1/2, 49, 
2021/1/3, 48, 
2021/1/4, 49, 
2020/7/2, 47, 
2020/7/3, 48, 
2020/7/4, 62, 
2020/7/5, 94, 
2020/7/6, 65, 
2020/7/7, 62, 
2020/7/8, 55, 
2020/7/9, 46, 
2020/7/10, 53, 
2020/7/11, 25, 
2020/7/12, 30, 
2020/7/13, 23, 
2020/7/14, 23, 
2020/7/15, 28, 
2020/7/16, 45, 
2020/7/17, 31, 
2020/7/18, 34, 
2020/7/19, 53, 
2020/7/20, 28, 36
2020/7/21, 27, 26
2020/7/22, 26, 37
2020/7/23, 27, 39
2020/7/24, 25, 41
2020/7/25, 35, 48
2020/7/26, 48, 32
2020/7/27, 33, 30
2020/7/28, 27, 37
2020/7/29, 22, 43
2020/7/30, 32, 30
2020/7/31, 21, 25
2020/8/1, 17, 33
2020/8/2, 27, 30
2020/8/3, 34, 19
2020/8/4, 25, 27
2020/8/5, 14, 32
2020/8/6, 22, 38
2020/8/7, 29, 50
2020/8/8, 49, 44
2020/8/9, 44, 42
2020/8/10, 44, 32
2020/8/11, 45, 28
2020/8/12, 29, 44
2020/8/13, 41, 48
2020/8/14, 42, 45
2020/8/15, 47, 56
2020/8/16, 58, 23
2020/8/17, 28, 21
2020/8/18, 34, 12
2020/8/19, 28, 18
2020/8/20, 31, 33
2020/8/21, 34, 39
2020/8/22, 35, 33
2020/8/23, 41, 33
2020/8/24, 48, 38
2020/8/25, 39, 39
2020/8/26, 42, 41
2020/8/27, 61, 29
2020/8/28, 50, 23
2020/8/29, 50, 24
2020/8/30, 42, 17
2020/8/31, 26, 32
2020/9/1, 43, 17
2020/9/2, 43, 34
2020/9/3, 40, 35
2020/9/4, 34, 28
2020/9/5, 26, 34
2020/9/6, 35, 26
2020/9/7, 38, 25
2020/9/8, 24, 17
2020/9/9, 23, 15
2020/9/10, 28, 20
2020/9/11, 21, 20
2020/9/12, 32, 14
2020/9/13, 40, 25
2020/9/14, 27, 20
2020/9/15, 45, 28
2020/9/16, 33, 35
2020/9/17, 37, 23
2020/9/18, 27, 25
2020/9/19, 16, 31
2020/9/20, 30, 36
2020/9/21, 36, 33
2020/9/22, 21, 40
2020/9/23, 38, 40
2020/9/24, 53, 36
2020/9/25, 46, 43
2020/9/26, 41, 27
2020/9/27, 41, 28
2020/9/28, 48, 16
2020/9/29, 15, 12
2020/9/30, 18, 23
2020/10/1, 11, 15
2020/4/2, 27, 21
2020/4/3, 35, 39
2020/4/4, 46, 16
2020/4/5, 30, 33
2020/4/6, 23, 30
2020/4/7, 45, 
2020/4/21, 30, 34
2020/4/22, 20, 26
2020/4/23, 42, 19
2020/4/24, 63, 27
2020/4/25, 64, 28
2020/4/26, 50, 36
2020/4/27, 27, 38
2020/4/28, 41, 41
2020/4/29, 54, 28
2020/4/30, 32, 30
2020/5/1, 22, 31
2020/5/2, 44, 42
2020/5/3, 54, 40
2020/5/4, 43, 29
2020/5/5, 25, 30
2020/5/6, 30, 32
2020/5/7, 26, 36
2020/5/8, 33, 27
2020/5/9, 20, 38
2020/5/10, 31, 27
2020/5/11, 31, 25
2020/5/12, 32, 40
2020/5/13, 35, 42
2020/5/14, 37, 34
2020/5/15, 57, 46
2020/5/16, 52, 39
2020/5/17, 54, 39
2020/5/18, 56, 31
2020/5/19, 55, 35
2020/5/20, 53, 44
2020/5/21, 42, 39
2020/5/22, 50, 32
2020/5/23, 62, 43
2020/5/24, 50, 49
2020/5/25, 51, 46
2020/5/26, 40, 44
2020/5/27, 52, 48
2020/5/28, 53, 45
2020/5/29, 40, 45
2020/5/30, 28, 35
2020/5/31, 28, 37
2020/6/1, 14, 49
2020/6/2, 24, 68
2020/6/3, 44, 41
2020/6/4, 41, 
2020/6/5, 52, 
2020/6/6, 46, 
2020/6/7, 41, 
2020/6/8, 34, 
2020/6/9, 44, 
2020/6/10, 44, 
2020/6/11, 40, 
2020/6/12, 25, 
2020/6/13, 31, 
2020/6/14, 18, 
2020/6/15, 27, 
2020/6/16, 26, 
2020/6/17, 41, 
2020/6/18, 49, 
2020/6/19, 54, 62
2020/6/20, 73, 51
2020/6/21, 60, 51
2020/6/22, 52, 39
2020/6/23, 48, 41
2020/6/24, 30, 29
2020/6/25, 39, 59
2020/6/26, 41, 36
2020/6/27, 43, 
2020/6/28, 39, 
2020/6/29, 51, 
2020/6/30, 63, 
2020/7/1, 56, 
2020/1/2, 21, 
2020/1/3, 20, 
2020/1/4, 38, 
2020/1/5, 30, 
2020/1/6, 13, 
2020/1/7, 15, 
2020/1/8, 23, 
2020/1/9, 15, 
2020/1/10, 17, 
2020/1/11, 47, 
2020/1/12, 17, 
2020/1/13, 36, 
2020/1/14, 33, 
2020/1/15, 49, 
2020/1/16, 60, 
2020/1/17, 34, 
2020/1/18, 22, 
2020/1/19, 20, 
2020/1/20, 20, 
2020/1/21, 24, 
2020/1/22, 39, 
2020/1/23, 43, 
2020/1/24, 35, 
2020/1/25, 57, 
2020/1/26, 29, 
2020/1/27, 35, 
2020/1/28, 48, 
2020/1/29, 41, 
2020/1/30, 48, 
2020/1/31, 50, 
2020/2/1, 60, 
2020/2/2, 60, 
2020/2/4, 30, 
2020/2/5, 11, 
2020/2/6, 12, 
2020/2/7, 12, 
2020/2/8, 33, 
2020/2/9, 41, 
2020/2/10, 43, 
2020/2/11, 45, 
2020/2/12, 42, 
2020/2/13, 42, 
2020/2/14, 24, 
2020/2/15, 30, 
2020/2/16, 26, 
2020/2/17, 49, 
2020/2/18, 75, 
2020/2/19, 25, 
2020/2/20, 20, 
2020/2/21, 17, 
2020/2/22, 30, 
2020/2/23, 28, 
2020/2/24, 41, 
2020/2/25, 31, 33
2020/2/26, 25, 28
2020/2/27, 12, 28
2020/2/28, 19, 32
2020/2/29, 16, 30
2020/3/1, 14, 32
2020/3/2, 27, 24
2020/3/3, 35, 31
2020/3/4, 26, 31
2020/3/5, 21, 28
2020/3/6, 22, 27
2020/3/7, 13, 30
2020/3/8, 20, 35
2020/3/9, 21, 28
2020/3/10, 35, 18
2020/3/11, 29, 14
2020/3/12, 53, 23
2020/3/13, 53, 29
2020/3/14, 16, 28
2020/3/15, 18, 30
2020/3/16, 19, 15
2020/3/17, 40, 29
2020/3/18, 39, 9
2020/3/19, 55, 20
2020/3/20, 47, 28
2020/3/21, 25, 31
2020/3/22, 14, 25
2020/3/23, 39, 25
2020/3/24, 56, 26
2020/3/25, 68, 37
2020/3/26, 57, 23
2020/3/27, 39, 16
2020/3/28, 48, 36
2020/3/29, 53, 31
2020/3/30, 15, 29
2020/3/31, 22, 24
2020/4/1, 15, 19
2019/10/2, 49, 19
2019/10/3, 28, 16
2019/10/4, 24, 28
2019/10/5, 16, 27
2019/10/6, 28, 32
2019/10/7, 25, 26
2019/10/8, 23, 34
2019/10/9, 35, 39
2019/10/10, 36, 30
2019/10/11, 42, 29
2019/10/12, 27, 34
2019/10/13, 10, 31
2019/10/14, 16, 26
2019/10/15, 18, 28
2019/10/16, 32, 19
2019/10/17, 13, 16
2019/10/18, 20, 22
2019/10/19, 27, 34
2019/10/20, 29, 26
2019/10/21, 50, 28
2019/10/22, 30, 23
2019/10/23, 15, 18
2019/10/24, 16, 15
2019/10/25, 19, 13
2019/10/26, 25, 20
2019/10/27, 41, 25
2019/10/28, 34, 8
2019/10/29, 40, 13
2019/10/30, 26, 22
2019/10/31, 16, 17
2019/11/1, 15, 20
2019/11/2, 21, 18
2019/11/3, 22, 23
2019/11/4, 11, 21
2019/11/5, 15, 21
2019/11/6, 17, 19
2019/11/7, 25, 21
2019/11/8, 11, 19
2019/11/9, 8, 19
2019/11/10, 24, 14
2019/11/11, 42, 21
2019/11/12, 9, 21
2019/11/13, 10, 20
2019/11/14, 11, 14
2019/11/15, 40, 7
2019/11/16, 63, 18
2019/11/17, 50, 14
2019/11/18, 42, 7
2019/11/19, 50, 12
2019/11/20, 52, 13
2019/11/21, 50, 16
2019/11/22, 31, 
2019/11/23, 13, 
2019/11/24, 43, 
2019/11/25, 27, 
2019/11/26, 36, 
2019/11/27, 50, 
2019/11/28, 19, 
2019/11/29, 4, 
2019/11/30, 24, 
2019/12/1, 32, 
2019/12/2, 10, 
2019/12/3, 14, 
2019/12/4, 19, 
2019/12/5, 17, 
2019/12/6, 26, 
2019/12/7, 24, 
2019/12/8, 27, 
2019/12/9, 45, 
2019/12/10, 31, 
2019/12/11, 13, 
2019/12/12, 44, 
2019/12/13, 32, 
2019/12/14, 28, 
2019/12/15, 66, 
2019/12/16, 38, 
2019/12/17, 46, 
2019/12/18, 29, 
2019/12/19, 20, 
2019/12/20, 40, 
2019/12/21, 67, 
2019/12/22, 50, 
2019/12/23, 38, 
2019/12/24, 48, 
2019/12/25, 46, 
2019/12/26, 27, 
2019/12/27, 25, 
2019/12/28, 37, 
2019/12/29, 64, 
2019/12/30, 21, 
2019/7/2, 53, 44
2019/7/3, 62, 47
2019/7/4, 60, 42
2019/7/5, 78, 40
2019/7/6, 63, 40
2019/7/7, 75, 25
2019/7/8, 70, 35
2019/7/9, 60, 65
2019/7/10, 71, 44
2019/7/11, 57, 31
2019/7/12, 45, 55
2019/7/13, 54, 45
2019/7/14, 57, 46
2019/7/15, 60, 30
2019/7/16, 54, 
2019/7/17, 59, 
2019/7/18, 66, 
2019/7/19, 56, 
2019/7/20, 62, 
2019/7/21, 48, 
2019/7/22, 33, 
2019/7/23, 25, 31
2019/7/24, 39, 23
2019/7/25, 39, 40
2019/7/26, 40, 42
2019/7/27, 41, 45
2019/7/28, 39, 44
2019/7/29, 42, 31
2019/7/30, 42, 23
2019/7/31, 33, 21
2019/8/1, 27, 36
2019/8/2, 33, 44
2019/8/3, 42, 54
2019/8/4, 52, 44
2019/8/5, 45, 46
2019/8/6, 50, 39
2019/8/7, 36, 40
2019/8/8, 54, 34
2019/8/9, 39, 39
2019/8/10, 42, 54
2019/8/11, 45, 40
2019/8/12, 51, 35
2019/8/13, 64, 36
2019/8/14, 62, 36
2019/8/15, 44, 27
2019/8/16, 34, 35
2019/8/17, 39, 29
2019/8/18, 27, 35
2019/8/19, 28, 44
2019/8/20, 39, 22
2019/8/21, 46, 37
2019/8/22, 38, 28
2019/8/23, 37, 24
2019/8/24, 25, 26
2019/8/25, 26, 35
2019/8/26, 32, 22
2019/8/27, 36, 30
2019/8/28, 28, 25
2019/8/29, 30, 36
2019/8/30, 33, 31
2019/8/31, 36, 31
2019/9/1, 32, 25
2019/9/2, 54, 37
2019/9/3, 61, 24
2019/9/4, 47, 18
2019/9/5, 32, 24
2019/9/6, 36, 19
2019/9/7, 34, 31
2019/9/8, 33, 18
2019/9/9, 34, 28
2019/9/10, 49, 41
2019/9/11, 56, 38
2019/9/12, 63, 33
2019/9/13, 47, 22
2019/9/14, 42, 32
2019/9/15, 35, 29
2019/9/16, 43, 32
2019/9/17, 55, 36
2019/9/18, 60, 40
2019/9/19, 49, 53
2019/9/20, 49, 45
2019/9/21, 68, 35
2019/9/22, 66, 31
2019/9/24, 28, 35
2019/9/25, 28, 32
2019/9/26, 39, 34
2019/9/27, 25, 36
2019/9/28, 27, 24
2019/9/29, 34, 17
2019/9/30, 42, 33
2019/10/1, 53, 35
2019/4/2, 28, 33
2019/4/3, 33, 36
2019/4/4, 33, 24
2019/4/5, 43, 14
2019/4/6, 68, 34
2019/4/7, 88, 34
2019/4/8, 55, 36
2019/4/9, 40, 38
2019/4/10, 25, 23
2019/4/11, 18, 23
2019/4/12, 43, 33
2019/4/13, 25, 40
2019/4/14, 10, 30
2019/4/15, 12, 37
2019/4/16, 21, 43
2019/4/17, 33, 40
2019/4/18, 50, 28
2019/4/19, 36, 35
2019/4/20, 8, 38
2019/4/21, 12, 44
2019/4/22, 31, 41
2019/4/23, 33, 28
2019/4/24, 38, 29
2019/4/25, 41, 31
2019/4/26, 51, 
2019/4/27, 29, 
2019/4/28, 15, 
2019/4/29, 11, 20
2019/4/30, 33, 19
2019/5/1, 36, 21
2019/5/2, 37, 23
2019/5/3, 32, 27
2019/5/4, 18, 34
2019/5/5, 40, 46
2019/5/6, 42, 31
2019/5/7, 38, 28
2019/5/8, 31, 32
2019/5/9, 36, 26
2019/5/10, 52, 31
2019/5/11, 26, 31
2019/5/12, 39, 32
2019/5/14, 32, 37
2019/5/15, 46, 48
2019/5/16, 54, 30
2019/5/17, 56, 23
2019/5/18, 44, 36
2019/5/19, 46, 42
2019/5/20, 51, 21
2019/5/21, 28, 21
2019/5/22, 32, 40
2019/5/23, 49, 34
2019/5/24, 36, 25
2019/5/25, 41, 39
2019/5/26, 48, 31
2019/5/27, 51, 29
2019/5/28, 56, 21
2019/5/29, 53, 25
2019/5/30, 56, 44
2019/5/31, 53, 42
2019/6/1, 55, 37
2019/6/2, 64, 31
2019/6/3, 45, 21
2019/6/4, 30, 43
2019/6/5, 60, 53
2019/6/6, 54, 30
2019/6/7, 71, 47
2019/6/8, 61, 41
2019/6/9, 56, 27
2019/6/10, 61, 31
2019/6/11, 54, 43
2019/6/12, 50, 31
2019/6/13, 45, 24
2019/6/14, 36, 42
2019/6/15, 41, 32
2019/6/16, 61, 21
2019/6/17, 68, 20
2019/6/18, 63, 35
2019/6/19, 68, 33
2019/6/20, 70, 23
2019/6/21, 49, 20
2019/6/22, 48, 37
2019/6/23, 53, 31
2019/6/24, 54, 32
2019/6/25, 43, 40
2019/6/26, 37, 51
2019/6/27, 40, 47
2019/6/28, 48, 43
2019/6/29, 49, 58
2019/6/30, 62, 46
2019/7/1, 68, 53
2019/1/2, 31, 15
2019/1/3, 45, 13
2019/1/4, 34, 13
2019/1/5, 41, 14
2019/1/6, 54, 26
2019/1/7, 32, 20
2019/1/8, 48, 22
2019/1/9, 44, 18
2019/1/10, 18, 11
2019/1/11, 36, 18
2019/1/12, 54, 21
2019/1/13, 61, 29
2019/1/14, 25, 24
2019/1/15, 49, 19
2019/1/16, 40, 23
2019/1/17, 29, 12
2019/1/18, 54, 24
2019/1/19, 49, 27
2019/1/20, 24, 25
2019/1/21, 18, 22
2019/1/22, 19, 19
2019/1/23, 31, 13
2019/1/24, 36, 
2019/2/5, 46, 19
2019/2/6, 26, 15
2019/2/7, 43, 26
2019/2/8, 34, 27
2019/2/9, 9, 20
2019/2/10, 31, 15
2019/2/11, 45, 17
2019/2/12, 62, 32
2019/2/13, 30, 28
2019/2/14, 36, 23
2019/2/15, 19, 25
2019/2/16, 36, 30
2019/2/17, 29, 24
2019/2/18, 35, 26
2019/2/19, 37, 24
2019/2/20, 58, 28
2019/2/21, 40, 33
2019/2/22, 50, 37
2019/2/23, 73, 14
2019/2/24, 70, 39
2019/2/25, 44, 26
2019/2/26, 13, 24
2019/2/27, 23, 25
2019/2/28, 53, 16
2019/3/1, 42, 29
2019/3/2, 48, 34
2019/3/3, 55, 28
2019/3/7, 24, 27
2019/3/8, 47, 22
2019/3/9, 74, 26
2019/3/10, 60, 39
2019/3/11, 37, 35
2019/3/12, 30, 35
2019/3/13, 49, 29
2019/3/14, 34, 32
2019/3/15, 34, 31
2019/3/16, 22, 34
2019/3/17, 17, 34
2019/3/18, 38, 36
2019/3/19, 54, 37
2019/3/20, 45, 26
2019/3/21, 55, 26
2019/3/22, 52, 33
2019/3/23, 19, 34
2019/3/24, 45, 32
2019/3/25, 47, 32
2019/3/26, 16, 34
2019/3/27, 21, 37
2019/3/28, 38, 32
2019/3/29, 52, 28
2019/3/30, 29, 32
2019/3/31, 20, 34
2019/4/1, 13, 33
2018/10/2, 54, 9
2018/10/3, 43, 29
2018/10/4, 48, 25
2018/10/5, 28, 13
2018/10/6, 46, 18
2018/10/7, 48, 14
2018/10/8, 35, 28
2018/10/9, 55, 28
2018/10/10, 53, 20
2018/10/11, 40, 19
2018/10/12, 15, 17
2018/10/13, 18, 24
2018/10/14, 34, 25
2018/10/15, 44, 20
2018/10/16, 27, 25
2018/10/17, 20, 23
2018/10/18, 18, 24
2018/10/19, 31, 18
2018/10/20, 25, 23
2018/10/21, 22, 24
2018/10/22, 15, 20
2018/10/23, 20, 16
2018/10/24, 19, 17
2018/10/25, 30, 11
2018/10/26, 36, 16
2018/10/27, 52, 22
2018/10/28, 51, 17
2018/10/29, 44, 17
2018/10/30, 35, 14
2018/10/31, 50, 14
2018/11/1, 57, 20
2018/11/2, 30, 16
2018/11/3, 33, 21
2018/11/4, 35, 21
2018/11/5, 41, 14
2018/11/6, 30, 12
2018/11/7, 29, 11
2018/11/8, 15, 
2018/11/9, 31, 
2018/11/10, 33, 
2018/11/11, 20, 
2018/11/12, 28, 
2018/11/13, 45, 
2018/11/14, 28, 12
2018/11/15, 37, 12
2018/11/16, 56, 14
2018/11/17, 48, 21
2018/11/18, 40, 13
2018/11/19, 31, 12
2018/11/20, 53, 17
2018/11/21, 32, 24
2018/11/22, 34, 14
2018/11/23, 43, 20
2018/11/24, 61, 17
2018/11/27, 14, 15
2018/11/28, 24, 13
2018/11/29, 42, 8
2018/11/30, 57, 9
2018/12/1, 84, 10
2018/12/2, 64, 9
2018/12/3, 30, 16
2018/12/4, 17, 16
2018/12/5, 22, 20
2018/12/6, 24, 17
2018/12/7, 30, 17
2018/12/8, 28, 18
2018/12/9, 50, 8
2018/12/10, 76, 9
2018/12/11, 74, 11
2018/12/12, 71, 16
2018/12/13, 50, 9
2018/12/14, 66, 8
2018/12/15, 79, 19
2018/12/16, 62, 12
2018/12/17, 54, 15
2018/12/18, 32, 14
2018/12/19, 52, 14
2018/12/20, 41, 9
2018/12/21, 59, 11
2018/12/22, 36, 14
2018/12/23, 35, 23
2018/12/24, 34, 17
2018/12/25, 12, 21
2018/12/27, 54, 20
2018/12/28, 40, 17
2018/12/29, 22, 12
2018/12/30, 35, 17
2018/12/31, 32, 
2018/7/2, 48, 39
2018/7/3, 35, 63
2018/7/4, 59, 36
2018/7/5, 62, 41
2018/7/6, 53, 34
2018/7/7, 17, 45
2018/7/8, 29, 52
2018/7/9, 32, 55
2018/7/10, 37, 43
2018/7/11, 35, 64
2018/7/12, 40, 46
2018/7/13, 41, 53
2018/7/14, 55, 40
2018/7/15, 41, 50
2018/7/16, 47, 47
2018/7/17, 40, 25
2018/7/18, 23, 22
2018/7/19, 15, 47
2018/7/20, 32, 34
2018/7/21, 25, 39
2018/7/22, 27, 32
2018/7/23, 37, 33
2018/7/24, 48, 36
2018/7/25, 44, 44
2018/7/26, 31, 30
2018/7/27, 15, 31
2018/7/28, 13, 40
2018/7/29, 32, 42
2018/7/30, 42, 45
2018/7/31, 37, 43
2018/8/1, 40, 37
2018/8/2, 45, 44
2018/8/3, 38, 54
2018/8/4, 44, 46
2018/8/5, 42, 45
2018/8/6, 41, 38
2018/8/7, 27, 39
2018/8/8, 38, 32
2018/8/9, 40, 42
2018/8/10, 39, 36
2018/8/11, 43, 38
2018/8/12, 34, 32
2018/8/13, 72, 35
2018/8/14, 64, 
2018/8/15, 68, 26
2018/8/16, 68, 35
2018/8/17, 61, 49
2018/8/18, 51, 24
2018/8/19, 64, 41
2018/8/20, 71, 28
2018/8/21, 67, 34
2018/8/22, 65, 32
2018/8/23, 58, 41
2018/8/24, 60, 35
2018/8/25, 61, 34
2018/8/26, 83, 44
2018/8/27, 81, 40
2018/8/28, 81, 33
2018/8/29, 60, 
2018/9/20, 57, 37
2018/9/21, 59, 30
2018/9/22, 41, 31
2018/9/23, 24, 30
2018/9/24, 40, 17
2018/9/25, 48, 24
2018/9/26, 45, 26
2018/9/27, 26, 29
2018/9/28, 28, 15
2018/9/29, 31, 23
2018/9/30, 25, 18
2018/10/1, 44, 20
2018/4/2, 18, 30
2018/4/3, 37, 25
2018/4/4, 37, 29
2018/4/5, 22, 28
2018/4/6, 28, 35
2018/4/7, 39, 30
2018/4/8, 24, 35
2018/4/9, 32, 27
2018/4/10, 42, 35
2018/4/11, 51, 29
2018/4/12, 54, 35
2018/4/13, 46, 19
2018/4/14, 44, 27
2018/4/15, 7, 24
2018/4/16, 13, 29
2018/4/17, 18, 34
2018/4/18, 23, 28
2018/4/19, 22, 34
2018/4/20, 29, 32
2018/4/21, 46, 30
2018/4/22, 37, 44
2018/4/23, 25, 38
2018/4/24, 36, 22
2018/4/25, 32, 24
2018/4/26, 20, 28
2018/4/27, 34, 31
2018/4/28, 18, 31
2018/4/29, 10, 35
2018/4/30, 20, 44
2018/5/1, 27, 49
2018/5/2, 32, 42
2018/5/3, 35, 27
2018/5/4, 40, 46
2018/5/5, 22, 55
2018/5/6, 34, 43
2018/5/7, 35, 37
2018/5/8, 35, 56
2018/5/9, 33, 47
2018/5/10, 38, 33
2018/5/11, 28, 22
2018/5/12, 20, 26
2018/5/13, 30, 32
2018/5/14, 29, 37
2018/5/15, 39, 38
2018/5/16, 34, 45
2018/5/17, 33, 34
2018/5/18, 55, 25
2018/5/19, 32, 20
2018/5/20, 54, 24
2018/5/21, 19, 14
2018/5/22, 43, 23
2018/5/23, 65, 42
2018/5/24, 28, 60
2018/5/25, 41, 69
2018/5/26, 39, 64
2018/5/27, 37, 81
2018/5/28, 50, 69
2018/5/29, 51, 46
2018/5/30, 35, 27
2018/6/1, 28, 20
2018/6/2, 28, 24
2018/6/3, 24, 36
2018/6/4, 24, 44
2018/6/5, 12, 33
2018/6/6, 22, 34
2018/6/7, 26, 45
2018/6/8, 41, 31
2018/6/9, 38, 39
2018/6/10, 45, 26
2018/6/11, 46, 22
2018/6/12, 37, 35
2018/6/13, 46, 44
2018/6/14, 32, 57
2018/6/15, 33, 61
2018/6/16, 47, 59
2018/6/17, 46, 38
2018/6/18, 48, 36
2018/6/19, 39, 22
2018/6/20, 31, 33
2018/6/21, 43, 36
2018/6/22, 46, 29
2018/6/23, 32, 47
2018/6/24, 38, 37
2018/6/25, 36, 33
2018/6/26, 31, 37
2018/6/27, 32, 41
2018/6/28, 32, 57
2018/6/29, 53, 43
2018/6/30, 40, 39
2018/7/1, 45, 33
2018/1/2, 29, 19
2018/1/3, 46, 16
2018/1/4, 35, 18
2018/1/5, 42, 20
2018/1/6, 40, 18
2018/1/7, 41, 19
2018/1/8, 42, 18
2018/1/9, 55, 6
2018/1/10, 70, 23
2018/1/11, 40, 20
2018/1/12, 17, 23
2018/1/13, 18, 21
2018/1/14, 20, 21
2018/1/15, 32, 17
2018/1/16, 42, 16
2018/1/17, 37, 19
2018/1/18, 45, 18
2018/1/19, 49, 20
2018/1/20, 45, 18
2018/1/21, 47, 10
2018/1/22, 51, 23
2018/1/23, 28, 21
2018/1/24, 22, 18
2018/1/25, 26, 15
2018/1/26, 44, 31
2018/1/27, 24, 29
2018/1/28, 28, 23
2018/1/29, 42, 20
2018/1/30, 16, 22
2018/1/31, 28, 19
2018/2/1, 26, 22
2018/2/2, 22, 22
2018/2/3, 15, 19
2018/2/4, 15, 22
2018/2/5, 20, 19
2018/2/6, 18, 13
2018/2/7, 60, 24
2018/2/8, 62, 22
2018/2/9, 58, 20
2018/2/10, 75, 24
2018/2/14, 74, 18
2018/2/15, 66, 3
2018/2/16, 50, 32
2018/2/17, 40, 
2018/2/19, 42, 20
2018/2/20, 23, 20
2018/2/21, 21, 24
2018/2/22, 29, 23
2018/2/23, 21, 12
2018/2/24, 31, 16
2018/2/25, 40, 33
2018/2/26, 23, 31
2018/2/27, 19, 36
2018/2/28, 14, 26
2018/3/1, 28, 23
2018/3/2, 32, 25
2018/3/3, 33, 31
2018/3/4, 23, 28
2018/3/5, 54, 22
2018/3/7, 23, 29
2018/3/8, 20, 29
2018/3/9, 18, 29
2018/3/10, 29, 37
2018/3/11, 21, 35
2018/3/12, 19, 31
2018/3/13, 42, 29
2018/3/14, 27, 33
2018/3/15, 22, 35
2018/3/16, 35, 31
2018/3/17, 18, 31
2018/3/18, 35, 35
2018/3/19, 54, 32
2018/3/20, 38, 31
2018/3/21, 17, 32
2018/3/22, 16, 34
2018/3/23, 24, 35
2018/3/24, 16, 31
2018/3/25, 22, 33
2018/3/26, 16, 24
2018/3/27, 42, 20
2018/3/28, 32, 13
2018/3/29, 38, 
2018/4/1, 29, 31
2017/10/2, 10, 44
2017/10/3, 21, 27
2017/10/4, 20, 19
2017/10/5, 22, 22
2017/10/6, 23, 22
2017/10/7, 30, 36
2017/10/8, 24, 36
2017/10/9, 13, 37
2017/10/10, 31, 26
2017/10/11, 16, 20
2017/10/12, 10, 9
2017/10/13, 22, 28
2017/10/14, 21, 19
2017/10/15, 35, 22
2017/10/16, 8, 25
2017/10/17, 13, 31
2017/10/18, 11, 38
2017/10/19, 14, 28
2017/10/20, 23, 45
2017/10/21, 43, 36
2017/10/22, 29, 30
2017/10/23, 14, 27
2017/10/24, 11, 14
2017/10/25, 9, 20
2017/10/26, 15, 23
2017/10/27, 18, 16
2017/10/28, 15, 19
2017/10/29, 9, 25
2017/10/30, 11, 17
2017/10/31, 11, 18
2017/11/1, 12, 13
2017/11/2, 19, 
2017/11/3, 33, 19
2017/11/4, 22, 11
2017/11/5, 23, 6
2017/11/6, 40, 18
2017/11/7, 20, 21
2017/11/8, 15, 16
2017/11/9, 43, 21
2017/11/10, 29, 17
2017/11/11, 17, 16
2017/11/12, 23, 6
2017/11/13, 48, 8
2017/11/14, 65, 17
2017/11/15, 42, 16
2017/11/16, 24, 11
2017/11/17, 15, 35
2017/11/18, 25, 39
2017/11/19, 27, 58
2017/11/20, 27, 33
2017/11/21, 18, 18
2017/11/23, 22, 16
2017/11/24, 27, 20
2017/11/25, 30, 19
2017/11/26, 17, 19
2017/11/27, 30, 21
2017/11/28, 33, 21
2017/11/29, 26, 17
2017/11/30, 17, 17
2017/12/1, 15, 12
2017/12/2, 28, 16
2017/12/3, 46, 23
2017/12/4, 61, 24
2017/12/5, 30, 23
2017/12/6, 19, 19
2017/12/7, 11, 15
2017/12/8, 13, 17
2017/12/9, 11, 76
2017/12/10, 21, 104
2017/12/11, 19, 27
2017/12/12, 44, 20
2017/12/13, 22, 85
2017/12/14, 23, 
2017/12/15, 22, 
2017/12/16, 20, 
2017/12/17, 24, 
2017/12/18, 49, 12
2017/12/19, 33, 12
2017/12/20, 30, 21
2017/12/21, 18, 6
2017/12/22, 47, 7
2017/12/23, 65, 15
2017/12/24, 44, 16
2017/12/25, 35, 22
2017/12/26, 17, 18
2017/12/27, 19, 17
2017/12/28, 40, 18
2017/12/29, 50, 10
2017/12/30, 62, 24
2017/12/31, 36, 19
2018/1/1, 31, 21
2017/7/2, 42, 45
2017/7/3, 44, 42
2017/7/4, 50, 54
2017/7/5, 76, 61
2017/7/6, 78, 73
2017/7/7, 58, 47
2017/7/8, 55, 29
2017/7/9, 37, 41
2017/7/10, 39, 37
2017/7/11, 43, 35
2017/7/12, 58, 24
2017/7/13, 48, 32
2017/7/14, 40, 23
2017/7/15, 37, 42
2017/7/16, 42, 28
2017/7/17, 42, 30
2017/7/18, 43, 92
2017/7/19, 61, 45
2017/7/20, 51, 45
2017/7/21, 50, 52
2017/7/22, 57, 50
2017/7/23, 47, 47
2017/7/24, 52, 28
2017/7/25, 34, 39
2017/7/26, 42, 45
2017/7/27, 45, 49
2017/7/28, 51, 31
2017/7/29, 31, 24
2017/7/30, 19, 35
2017/7/31, 37, 62
2017/8/1, 50, 38
2017/8/2, 51, 58
2017/8/3, 50, 37
2017/8/4, 44, 20
2017/8/5, 16, 32
2017/8/8, 29, 40
2017/8/9, 45, 43
2017/8/10, 51, 46
2017/8/11, 51, 36
2017/8/12, 34, 30
2017/8/13, 33, 36
2017/8/14, 46, 42
2017/8/15, 45, 39
2017/8/16, 50, 40
2017/8/17, 50, 30
2017/8/18, 35, 35
2017/8/19, 31, 39
2017/8/20, 51, 44
2017/8/21, 56, 30
2017/8/22, 47, 32
2017/8/23, 39, 30
2017/8/24, 34, 29
2017/8/25, 39, 38
2017/8/26, 39, 41
2017/8/27, 48, 41
2017/8/28, 46, 42
2017/8/29, 55, 43
2017/8/30, 58, 45
2017/8/31, 62, 28
2017/9/1, 53, 28
2017/9/2, 32, 41
2017/9/3, 47, 39
2017/9/4, 54, 35
2017/9/5, 54, 
2017/9/10, 31, 31
2017/9/11, 35, 31
2017/9/12, 36, 42
2017/9/13, 41, 20
2017/9/14, 51, 31
2017/9/15, 39, 45
2017/9/16, 48, 42
2017/9/17, 52, 44
2017/9/18, 53, 27
2017/9/19, 35, 38
2017/9/20, 50, 39
2017/9/21, 56, 45
2017/9/22, 55, 45
2017/9/23, 60, 66
2017/9/24, 50, 58
2017/9/25, 43, 54
2017/9/26, 33, 49
2017/9/27, 40, 25
2017/9/28, 11, 30
2017/9/29, 16, 28
2017/9/30, 15, 29
2017/10/1, 8, 35
2017/4/2, 24, 32
2017/4/3, 35, 5
2017/4/4, 46, 28
2017/4/5, 25, 32
2017/4/6, 26, 29
2017/4/7, 12, 35
2017/4/8, 12, 41
2017/4/9, 15, 46
2017/4/10, 35, 36
2017/4/11, 33, 20
2017/4/12, 24, 28
2017/4/13, 35, 20
2017/4/14, 39, 33
2017/4/15, 42, 45
2017/4/16, 41, 38
2017/4/17, 21, 33
2017/4/18, 24, 42
2017/4/19, 21, 25
2017/4/20, 27, 27
2017/4/21, 29, 34
2017/4/22, 12, 32
2017/4/23, 15, 42
2017/4/24, 36, 46
2017/4/25, 28, 45
2017/4/26, 29, 40
2017/4/27, 33, 32
2017/4/28, 21, 16
2017/4/29, 36, 32
2017/4/30, 20, 30
2017/5/1, 20, 26
2017/5/2, 14, 32
2017/5/3, 14, 32
2017/5/4, 24, 40
2017/5/5, 16, 33
2017/5/6, 21, 35
2017/5/7, 15, 35
2017/5/8, 14, 35
2017/5/9, 12, 24
2017/5/10, 33, 44
2017/5/11, 41, 46
2017/5/12, 31, 44
2017/5/13, 34, 47
2017/5/14, 52, 36
2017/5/16, 50, 47
2017/5/17, 55, 43
2017/5/18, 53, 31
2017/5/19, 39, 
2017/5/20, 20, 
2017/5/21, 42, 
2017/5/22, 39, 
2017/5/23, 27, 28
2017/5/24, 35, 29
2017/5/25, 51, 37
2017/5/26, 48, 36
2017/5/27, 52, 44
2017/5/28, 40, 41
2017/5/29, 52, 42
2017/5/30, 41, 36
2017/5/31, 24, 38
2017/6/1, 30, 42
2017/6/2, 39, 70
2017/6/3, 50, 65
2017/6/4, 64, 63
2017/6/5, 59, 39
2017/6/6, 56, 31
2017/6/7, 34, 31
2017/6/8, 34, 55
2017/6/9, 59, 70
2017/6/10, 52, 62
2017/6/11, 52, 53
2017/6/12, 58, 50
2017/6/13, 56, 58
2017/6/14, 48, 30
2017/6/15, 43, 62
2017/6/16, 41, 54
2017/6/17, 37, 44
2017/6/18, 45, 38
2017/6/19, 32, 30
2017/6/20, 31, 37
2017/6/21, 32, 45
2017/6/22, 48, 33
2017/6/23, 52, 46
2017/6/24, 33, 33
2017/6/25, 32, 26
2017/6/26, 22, 30
2017/6/27, 22, 37
2017/6/28, 30, 43
2017/6/29, 42, 45
2017/6/30, 46, 43
2017/7/1, 58, 44
2017/1/3, 64, 16
2017/1/4, 55, 24
2017/1/5, 17, 20
2017/1/6, 24, 18
2017/1/7, 40, 21
2017/1/8, 35, 20
2017/1/9, 23, 14
2017/1/10, 43, 22
2017/1/11, 34, 16
2017/1/12, 45, 18
2017/1/13, 41, 22
2017/1/14, 31, 11
2017/1/15, 65, 7
2017/1/16, 97, 
2017/1/17, 79, 13
2017/1/18, 34, 18
2017/1/19, 44, 4
2017/1/20, 66, 6
2017/1/21, 55, 22
2017/1/22, 44, 15
2017/1/23, 49, 9
2017/1/24, 38, 9
2017/1/25, 42, 8
2017/1/26, 51, 12
2017/1/27, 15, 20
2017/1/28, 26, 23
2017/1/29, 45, 25
2017/1/30, 30, 24
2017/1/31, 18, 23
2017/2/1, 24, 25
2017/2/2, 28, 25
2017/2/3, 14, 26
2017/2/4, 24, 23
2017/2/5, 22, 20
2017/2/6, 48, 17
2017/2/7, 67, 14
2017/2/8, 43, 19
2017/2/9, 29, 27
2017/2/10, 17, 22
2017/2/11, 32, 16
2017/2/12, 60, 32
2017/2/13, 35, 28
2017/2/14, 19, 27
2017/2/15, 23, 28
2017/2/16, 22, 22
2017/2/17, 29, 28
2017/2/18, 53, 31
2017/2/22, 41, 27
2017/2/23, 57, 19
2017/2/24, 28, 15
2017/2/25, 29, 25
2017/2/26, 24, 30
2017/2/27, 19, 30
2017/2/28, 42, 21
2017/3/1, 40, 25
2017/3/2, 19, 26
2017/3/3, 18, 30
2017/3/4, 27, 29
2017/3/5, 35, 31
2017/3/6, 30, 28
2017/3/7, 27, 33
2017/3/8, 20, 31
2017/3/9, 18, 28
2017/3/10, 16, 30
2017/3/11, 16, 28
2017/3/12, 14, 29
2017/3/13, 28, 28
2017/3/14, 37, 30
2017/3/15, 18, 31
2017/3/16, 31, 34
2017/3/17, 40, 25
2017/3/18, 49, 17
2017/3/21, 52, 31
2017/3/22, 30, 34
2017/3/23, 12, 28
2017/3/24, 32, 39
2017/3/25, 40, 16
2017/3/26, 37, 22
2017/3/27, 37, 17
2017/3/28, 31, 25
2017/3/29, 18, 29
2017/3/30, 26, 25
2017/3/31, 29, 29
2017/4/1, 18, 32
2016/10/2, 30, 17
2016/10/3, 39, 16
2016/10/4, 36, 32
2016/10/5, 43, 37
2016/10/6, 43, 18
2016/10/7, 35, 19
2016/10/8, 30, 24
2016/10/9, 31, 27
2016/10/10, 32, 24
2016/10/11, 28, 34
2016/10/12, 42, 20
2016/10/13, 53, 16
2016/10/14, 42, 26
2016/10/15, 37, 
2016/10/18, 39, 24
2016/10/19, 34, 22
2016/10/20, 36, 17
2016/10/21, 24, 15
2016/10/22, 17, 22
2016/10/23, 27, 33
2016/10/24, 36, 22
2016/10/25, 22, 
2016/10/26, 52, 11
2016/10/27, 25, 17
2016/10/28, 22, 23
2016/10/29, 38, 27
2016/10/30, 50, 15
2016/10/31, 14, 14
2016/11/1, 21, 32
2016/11/2, 50, 14
2016/11/3, 67, 20
2016/11/4, 41, 19
2016/11/5, 25, 
2016/11/8, 56, 25
2016/11/9, 45, 20
2016/11/10, 26, 25
2016/11/11, 29, 28
2016/11/12, 25, 23
2016/11/13, 49, 19
2016/11/14, 61, 18
2016/11/15, 46, 5
2016/11/16, 84, 9
2016/11/17, 68, 36
2016/11/18, 54, 28
2016/11/19, 35, 23
2016/11/20, 12, 23
2016/11/21, 21, 15
2016/11/22, 45, 15
2016/11/23, 33, 6
2016/11/24, 49, 14
2016/11/25, 35, 11
2016/11/26, 39, 13
2016/11/27, 35, 15
2016/11/28, 52, 25
2016/11/29, 28, 15
2016/11/30, 23, 8
2016/12/1, 20, 6
2016/12/2, 17, 12
2016/12/3, 26, 18
2016/12/4, 37, 5
2016/12/5, 53, 12
2016/12/6, 38, 10
2016/12/7, 62, 15
2016/12/8, 20, 14
2016/12/9, 22, 15
2016/12/10, 27, 14
2016/12/11, 34, 13
2016/12/12, 43, 12
2016/12/13, 60, 14
2016/12/14, 55, 22
2016/12/15, 40, 18
2016/12/16, 28, 11
2016/12/17, 37, 9
2016/12/18, 58, 20
2016/12/19, 30, 19
2016/12/20, 40, 19
2016/12/21, 38, 12
2016/12/22, 53, 19
2016/12/23, 43, 9
2016/12/24, 49, 11
2016/12/25, 57, 18
2016/12/26, 59, 25
2016/12/27, 24, 16
2016/12/28, 25, 17
2016/12/29, 36, 24
2016/12/30, 19, 21
2016/12/31, 16, 22
2017/1/1, 26, 16
2017/1/2, 49, 2
2016/7/2, 22, 
2016/7/3, 35, 
2016/7/4, 52, 
2016/7/5, 44, 
2016/7/6, 46, 
2016/7/7, 29, 
2016/7/8, 24, 
2016/7/9, 29, 
2016/7/10, 17, 
2016/7/11, 33, 
2016/7/12, 28, 
2016/7/13, 38, 
2016/7/14, 27, 
2016/7/15, 20, 
2016/7/16, 20, 
2016/7/17, 26, 
2016/7/18, 31, 
2016/7/19, 22, 
2016/7/20, 45, 
2016/7/21, 38, 
2016/7/22, 33, 
2016/7/23, 23, 
2016/7/24, 26, 
2016/7/25, 32, 
2016/7/26, 25, 
2016/7/27, 37, 
2016/7/28, 43, 39
2016/7/29, 50, 36
2016/7/30, 35, 
2016/8/3, 42, 70
2016/8/4, 47, 48
2016/8/5, 45, 47
2016/8/6, 27, 26
2016/8/7, 68, 25
2016/8/8, 67, 
2016/4/2, 7, 30
2016/4/3, 23, 40
2016/4/4, 33, 29
2016/4/5, 24, 33
2016/4/6, 27, 26
2016/4/7, 41, 28
2016/4/8, 29, 26
2016/4/9, 25, 31
2016/4/10, 22, 27
2016/4/11, 26, 30
2016/4/12, 31, 30
2016/4/13, 30, 34
2016/4/14, 37, 34
2016/4/15, 38, 43
2016/4/16, 46, 51
2016/4/17, 54, 59
2016/4/18, 51, 60
2016/4/19, 52, 28
2016/4/20, 50, 38
2016/4/21, 43, 38
2016/4/22, 44, 23
2016/4/23, 39, 28
2016/4/24, 31, 43
2016/4/25, 38, 47
2016/4/26, 37, 24
2016/4/27, 36, 28
2016/4/28, 39, 24
2016/4/29, 45, 26
2016/4/30, 48, 27
2016/5/1, 43, 26
2016/5/2, 38, 34
2016/5/3, 30, 35
2016/5/4, 35, 32
2016/5/5, 25, 22
2016/5/6, 21, 43
2016/5/7, 37, 31
2016/5/8, 27, 34
2016/5/9, 45, 31
2016/5/10, 48, 26
2016/5/11, 52, 20
2016/5/12, 55, 28
2016/5/13, 46, 30
2016/5/14, 31, 25
2016/5/15, 24, 33
2016/5/16, 27, 38
2016/5/17, 28, 28
2016/5/18, 29, 37
2016/5/19, 37, 41
2016/5/20, 34, 38
2016/5/21, 44, 47
2016/5/22, 25, 45
2016/5/23, 50, 56
2016/5/24, 46, 65
2016/5/25, 36, 44
2016/5/26, 36, 46
2016/5/27, 36, 30
2016/5/28, 35, 39
2016/5/29, 40, 46
2016/5/30, 28, 54
2016/5/31, 43, 43
2016/6/1, 43, 45
2016/6/2, 52, 47
2016/6/3, 35, 60
2016/6/4, 45, 38
2016/6/5, 48, 81
2016/6/6, 33, 52
2016/6/7, 32, 
2016/6/8, 24, 
2016/6/9, 37, 
2016/6/10, 46, 
2016/6/11, 52, 
2016/6/12, 42, 
2016/6/13, 32, 
2016/6/14, 40, 
2016/6/15, 52, 
2016/6/16, 30, 
2016/6/17, 21, 
2016/6/18, 28, 
2016/6/19, 30, 
2016/6/20, 38, 
2016/6/21, 34, 
2016/6/22, 18, 
2016/6/23, 24, 
2016/6/24, 37, 
2016/6/25, 38, 
2016/6/26, 31, 
2016/6/27, 29, 
2016/6/28, 14, 
2016/6/29, 17, 
2016/6/30, 26, 
2016/7/1, 25, 
2016/1/5, 16, 14
2016/1/6, 28, 12
2016/1/7, 34, 9
2016/1/8, 38, 6
2016/1/9, 44, 5
2016/1/10, 36, 24
2016/1/11, 18, 21
2016/1/12, 20, 20
2016/1/13, 39, 12
2016/1/14, 25, 28
2016/1/15, 40, 29
2016/1/16, 43, 21
2016/1/17, 26, 23
2016/1/18, 12, 21
2016/1/19, 12, 14
2016/1/20, 22, 10
2016/1/21, 35, 9
2016/1/22, 57, 23
2016/1/23, 49, 17
2016/1/24, 32, 23
2016/1/25, 47, 19
2016/1/26, 45, 21
2016/1/27, 30, 24
2016/1/28, 23, 20
2016/1/29, 30, 20
2016/1/30, 22, 17
2016/1/31, 34, 16
2016/2/1, 50, 16
2016/2/2, 51, 12
2016/2/3, 60, 21
2016/2/4, 33, 23
2016/2/5, 29, 15
2016/2/6, 42, 24
2016/2/7, 53, 24
2016/2/8, 33, 16
2016/2/9, 16, 19
2016/2/10, 19, 24
2016/2/11, 23, 24
2016/2/12, 22, 27
2016/2/13, 29, 27
2016/2/14, 18, 24
2016/2/15, 24, 15
2016/2/16, 52, 9
2016/2/17, 62, 22
2016/2/18, 44, 21
2016/2/19, 39, 33
2016/2/20, 39, 24
2016/2/21, 24, 21
2016/2/22, 27, 22
2016/2/23, 32, 22
2016/2/24, 45, 25
2016/2/25, 33, 25
2016/2/26, 23, 25
2016/2/27, 29, 26
2016/2/28, 39, 37
2016/2/29, 38, 33
2016/3/1, 26, 28
2016/3/2, 26, 26
2016/3/3, 32, 27
2016/3/4, 54, 31
2016/3/5, 41, 23
2016/3/6, 57, 24
2016/3/7, 52, 33
2016/3/8, 41, 34
2016/3/9, 43, 23
2016/3/10, 41, 13
2016/3/11, 40, 22
2016/3/12, 25, 13
2016/3/13, 64, 26
2016/3/14, 42, 18
2016/3/15, 47, 22
2016/3/16, 55, 32
2016/3/17, 31, 31
2016/3/18, 20, 25
2016/3/19, 31, 31
2016/3/20, 26, 33
2016/3/21, 22, 30
2016/3/22, 33, 36
2016/3/23, 39, 20
2016/3/24, 53, 28
2016/3/25, 30, 30
2016/3/26, 23, 27
2016/3/27, 45, 33
2016/3/28, 43, 26
2016/3/29, 33, 32
2016/3/30, 43, 25
2016/3/31, 31, 29
2016/4/1, 4, 28
2015/10/2, 10, 25
2015/10/3, 11, 20
2015/10/4, 14, 14
2015/10/5, 17, 14
2015/10/6, 33, 15
2015/10/7, 32, 26
2015/10/8, 40, 34
2015/10/9, 30, 23
2015/10/10, 24, 31
2015/10/11, 31, 38
2015/10/12, 23, 30
2015/10/13, 24, 17
2015/10/14, 13, 21
2015/10/15, 24, 29
2015/10/16, 20, 25
2015/10/17, 24, 28
2015/10/18, 22, 29
2015/10/19, 40, 37
2015/10/20, 21, 39
2015/10/21, 40, 33
2015/10/22, 45, 21
2015/10/23, 28, 20
2015/10/24, 24, 15
2015/10/25, 28, 22
2015/10/26, 21, 24
2015/10/27, 31, 12
2015/10/28, 30, 18
2015/10/29, 15, 15
2015/10/30, 13, 19
2015/10/31, 22, 19
2015/11/1, 26, 22
2015/11/2, 25, 25
2015/11/3, 27, 20
2015/11/4, 44, 26
2015/11/5, 52, 22
2015/11/6, 47, 16
2015/11/7, 32, 21
2015/11/8, 29, 25
2015/11/9, 41, 20
2015/11/10, 54, 19
2015/11/11, 66, 27
2015/11/12, 44, 17
2015/11/13, 29, 21
2015/11/14, 23, 22
2015/11/15, 32, 28
2015/11/16, 29, 23
2015/11/17, 31, 24
2015/11/18, 35, 24
2015/11/19, 31, 23
2015/11/20, 23, 18
2015/11/21, 15, 19
2015/11/22, 28, 21
2015/11/23, 41, 17
2015/11/24, 33, 11
2015/11/25, 60, 26
2015/11/26, 47, 24
2015/11/27, 36, 24
2015/11/28, 27, 24
2015/11/29, 19, 24
2015/11/30, 34, 13
2015/12/1, 40, 17
2015/12/2, 21, 14
2015/12/3, 19, 14
2015/12/4, 34, 10
2015/12/5, 40, 13
2015/12/6, 33, 12
2015/12/7, 49, 12
2015/12/8, 62, 17
2015/12/9, 48, 16
2015/12/10, 42, 21
2015/12/11, 19, 18
2015/12/12, 22, 12
2015/12/13, 64, 22
2015/12/14, 33, 32
2015/12/15, 22, 10
2015/12/16, 24, 12
2015/12/17, 29, 18
2015/12/18, 16, 20
2015/12/19, 18, 16
2015/12/20, 20, 22
2015/12/21, 23, 20
2015/12/22, 25, 10
2015/12/23, 38, 23
2015/12/24, 31, 19
2015/12/25, 25, 22
2015/12/26, 30, 15
2015/12/27, 30, 23
2015/12/28, 19, 21
2015/12/29, 11, 18
2015/12/30, 19, 19
2015/12/31, 29, 25
2016/1/1, 33, 
2016/1/4, 19, 23
2015/7/2, 31, 28
2015/7/3, 36, 41
2015/7/4, 41, 50
2015/7/5, 73, 50
2015/7/6, 84, 32
2015/7/7, 66, 24
2015/7/8, 39, 21
2015/7/9, 37, 33
2015/7/10, 58, 45
2015/7/11, 59, 44
2015/7/12, 61, 38
2015/7/13, 54, 32
2015/7/14, 33, 34
2015/7/15, 37, 23
2015/7/16, 27, 28
2015/7/17, 41, 43
2015/7/18, 49, 39
2015/7/19, 46, 35
2015/7/20, 35, 35
2015/7/21, 40, 17
2015/7/22, 39, 
2015/7/24, 54, 43
2015/7/25, 55, 47
2015/7/26, 59, 31
2015/7/27, 54, 48
2015/7/28, 57, 44
2015/7/29, 54, 27
2015/7/30, 42, 35
2015/7/31, 39, 35
2015/8/1, 38, 38
2015/8/2, 39, 41
2015/8/3, 43, 38
2015/8/4, 43, 39
2015/8/5, 29, 35
2015/8/6, 42, 42
2015/8/7, 41, 39
2015/8/8, 35, 37
2015/8/9, 43, 34
2015/8/10, 64, 34
2015/8/11, 50, 24
2015/8/12, 44, 23
2015/8/13, 36, 39
2015/8/14, 39, 34
2015/8/15, 42, 42
2015/8/16, 43, 49
2015/8/17, 50, 41
2015/8/18, 52, 35
2015/8/19, 46, 26
2015/8/20, 34, 28
2015/8/21, 27, 37
2015/8/22, 33, 43
2015/8/23, 33, 30
2015/8/24, 38, 28
2015/8/25, 26, 28
2015/8/26, 26, 20
2015/8/27, 34, 24
2015/8/28, 51, 27
2015/8/29, 48, 23
2015/8/30, 56, 37
2015/8/31, 66, 40
2015/9/1, 67, 38
2015/9/2, 63, 46
2015/9/3, 56, 40
2015/9/4, 51, 37
2015/9/5, 43, 38
2015/9/6, 46, 47
2015/9/7, 55, 38
2015/9/8, 54, 27
2015/9/9, 48, 25
2015/9/10, 33, 22
2015/9/11, 35, 20
2015/9/12, 31, 28
2015/9/13, 22, 32
2015/9/14, 31, 36
2015/9/15, 27, 41
2015/9/16, 34, 45
2015/9/17, 40, 41
2015/9/18, 51, 28
2015/9/19, 48, 27
2015/9/20, 30, 28
2015/9/21, 45, 29
2015/9/22, 28, 42
2015/9/23, 35, 50
2015/9/24, 44, 44
2015/9/25, 46, 41
2015/9/26, 48, 40
2015/9/27, 53, 22
2015/9/29, 38, 27
2015/9/30, 34, 24
2015/10/1, 18, 26
2015/4/2, 39, 33
2015/4/3, 39, 20
2015/4/4, 26, 35
2015/4/5, 26, 44
2015/4/6, 30, 26
2015/4/7, 30, 16
2015/4/8, 55, 13
2015/4/9, 61, 27
2015/4/10, 55, 32
2015/4/11, 32, 40
2015/4/12, 32, 41
2015/4/13, 35, 36
2015/4/14, 38, 38
2015/4/15, 34, 41
2015/4/16, 42, 27
2015/4/17, 35, 41
2015/4/18, 62, 38
2015/4/19, 63, 32
2015/4/20, 42, 25
2015/4/21, 43, 33
2015/4/22, 32, 31
2015/4/23, 21, 35
2015/4/24, 27, 37
2015/4/25, 45, 35
2015/4/26, 51, 31
2015/4/27, 26, 32
2015/4/28, 20, 33
2015/4/29, 28, 32
2015/4/30, 36, 21
2015/5/1, 20, 26
2015/5/2, 37, 53
2015/5/3, 48, 46
2015/5/4, 45, 42
2015/5/5, 50, 25
2015/5/6, 47, 25
2015/5/7, 83, 52
2015/5/8, 58, 37
2015/5/9, 46, 13
2015/5/10, 49, 11
2015/5/11, 37, 29
2015/5/12, 39, 22
2015/5/13, 23, 30
2015/5/14, 29, 31
2015/5/15, 35, 32
2015/5/16, 47, 28
2015/5/17, 52, 35
2015/5/18, 48, 33
2015/5/19, 29, 19
2015/5/20, 21, 32
2015/5/21, 22, 43
2015/5/22, 31, 37
2015/5/23, 36, 54
2015/5/24, 37, 33
2015/5/25, 68, 38
2015/5/26, 42, 36
2015/5/27, 44, 36
2015/5/28, 34, 19
2015/5/29, 49, 33
2015/5/30, 45, 21
2015/5/31, 38, 19
2015/6/1, 21, 27
2015/6/2, 21, 41
2015/6/3, 43, 46
2015/6/4, 49, 46
2015/6/5, 57, 34
2015/6/6, 42, 32
2015/6/7, 34, 31
2015/6/8, 53, 44
2015/6/9, 35, 58
2015/6/10, 61, 43
2015/6/11, 41, 31
2015/6/12, 68, 20
2015/6/13, 53, 34
2015/6/14, 48, 33
2015/6/15, 27, 23
2015/6/16, 34, 22
2015/6/17, 30, 16
2015/6/18, 41, 36
2015/6/19, 45, 25
2015/6/20, 35, 31
2015/6/21, 45, 41
2015/6/22, 34, 28
2015/6/23, 45, 43
2015/6/24, 35, 39
2015/6/25, 40, 40
2015/6/26, 43, 30
2015/6/27, 61, 34
2015/6/28, 38, 39
2015/6/29, 45, 36
2015/6/30, 50, 42
2015/7/1, 58, 28
2015/1/16, 60, 15
2015/1/17, 52, 23
2015/1/18, 55, 23
2015/1/19, 21, 
2015/1/27, 26, 27
2015/1/28, 45, 23
2015/1/29, 52, 20
2015/1/30, 43, 20
2015/1/31, 17, 14
2015/2/1, 39, 26
2015/2/2, 39, 24
2015/2/3, 21, 18
2015/2/4, 44, 15
2015/2/5, 60, 20
2015/2/6, 42, 19
2015/2/7, 53, 29
2015/2/8, 55, 17
2015/2/9, 62, 22
2015/2/10, 25, 24
2015/2/11, 45, 16
2015/2/12, 45, 25
2015/2/13, 22, 20
2015/2/14, 32, 26
2015/2/15, 26, 21
2015/2/16, 14, 18
2015/2/17, 42, 25
2015/2/18, 41, 25
2015/2/19, 17, 24
2015/2/20, 22, 22
2015/2/21, 34, 15
2015/2/22, 65, 29
2015/2/23, 41, 23
2015/2/24, 24, 23
2015/2/25, 24, 27
2015/2/26, 14, 25
2015/2/27, 17, 27
2015/2/28, 39, 33
2015/3/1, 58, 33
2015/3/2, 61, 29
2015/3/3, 50, 24
2015/3/4, 57, 25
2015/3/5, 24, 28
2015/3/6, 26, 34
2015/3/7, 41, 37
2015/3/8, 48, 28
2015/3/9, 36, 31
2015/3/10, 47, 24
2015/3/11, 64, 31
2015/3/12, 54, 34
2015/3/13, 40, 27
2015/3/14, 39, 30
2015/3/15, 42, 34
2015/3/16, 25, 38
2015/3/17, 29, 31
2015/3/18, 19, 26
2015/3/19, 30, 34
2015/3/20, 28, 28
2015/3/21, 49, 30
2015/3/22, 36, 31
2015/3/23, 21, 25
2015/3/24, 33, 26
2015/3/25, 51, 18
2015/3/26, 54, 25
2015/3/27, 28, 32
2015/3/28, 11, 36
2015/3/29, 13, 28
2015/3/30, 27, 31
2015/3/31, 17, 28
2015/4/1, 36, 41
2021/9/11, , 45
2021/9/12, , 46
2021/9/13, , 47
2021/9/14, , 38
2021/9/20, , 25
2021/6/27, , 33
2021/6/28, , 19
2021/6/29, , 26
2021/6/30, , 26
2020/4/20, , 36
2019/9/23, , 30
2019/5/13, , 33
2019/1/1, , 18
2019/2/4, , 13
2019/3/4, , 31
2019/3/5, , 32
2019/3/6, , 32
2018/11/25, , 13
2018/11/26, , 14
2018/12/26, , 17
2018/9/11, , 38
2018/9/12, , 39
2018/9/13, , 33
2018/9/14, , 44
2018/9/15, , 44
2018/9/16, , 34
2018/9/17, , 39
2018/9/18, , 20
2018/9/19, , 22
2018/5/31, , 50
2018/2/11, , 27
2018/2/12, , 21
2018/2/13, , 22
2018/2/18, , 26
2018/3/6, , 21
2018/3/31, , 28
2017/11/22, , 13
2017/8/6, , 32
2017/8/7, , 35
2017/9/9, , 27
2017/5/15, , 45
2017/2/19, , 23
2017/2/20, , 35
2017/2/21, , 23
2017/3/19, , 27
2017/3/20, , 15
2016/10/1, , 5
2016/10/17, , 31
2016/11/7, , 25
2016/8/2, , 55
2016/1/3, , 18
2015/7/23, , 63
2015/9/28, , 24
2015/1/15, , 16
2015/1/26, , 8